index,Unnamed: 0_level_0,Unnamed: 1_level_0,Unnamed: 2_level_0,Unnamed: 3_level_0,Unnamed: 4_level_0,Unnamed: 5_level_0,Unnamed: 6_level_0,Playing Time,Playing Time,Playing Time,Playing Time,Performance,Performance,Performance,Performance,Performance,Performance,Performance,Performance,Expected,Expected,Expected,Expected,Progression,Progression,Progression,Per 90 Minutes,Per 90 Minutes,Per 90 Minutes,Per 90 Minutes,Per 90 Minutes,Per 90 Minutes,Per 90 Minutes,Per 90 Minutes,Per 90 Minutes,Per 90 Minutes,Unnamed: 36_level_0
,Rk,Player,Nation,Pos,Squad,Age,Born,MP,Starts,Min,90s,Gls,Ast,G+A,G-PK,PK,PKatt,CrdY,CrdR,xG,npxG,xAG,npxG+xAG,PrgC,PrgP,PrgR,Gls,Ast,G+A,G-PK,G+A-PK,xG,xAG,xG+xAG,npxG,npxG+xAG,Matches
0,1,Junior Adamu,at AUT,FW,Freiburg,23,2001,25,19,1545,17.2,2,2,4,2,0,0,5,1,5.5,5.5,2.4,7.9,8,14,84,0.12,0.12,0.23,0.12,0.23,0.32,0.14,0.46,0.32,0.46,Matches
1,2,Karim Adeyemi,de GER,"FW,MF",Dortmund,22,2002,25,17,1433,15.9,7,6,13,7,0,0,4,0,5.5,5.5,6.0,11.5,68,28,153,0.44,0.38,0.82,0.44,0.82,0.34,0.38,0.72,0.34,0.72,Matches
2,3,Amine Adli,ma MAR,"MF,FW",Leverkusen,24,2000,20,6,766,8.5,2,0,2,2,0,0,3,0,2.7,2.7,0.7,3.4,37,24,100,0.23,0.00,0.23,0.23,0.23,0.32,0.08,0.40,0.32,0.40,Matches
3,4,Oladapo Afolayan,eng ENG,"FW,MF",St. Pauli,26,1998,32,17,1639,18.2,3,1,4,3,0,0,3,0,3.1,3.1,3.8,7.0,53,32,108,0.16,0.05,0.22,0.16,0.22,0.17,0.21,0.38,0.17,0.38,Matches
4,5,Felix Agu,ng NGA,DF,Werder Bremen,24,1999,22,21,1751,19.5,3,0,3,3,0,0,1,0,1.4,1.4,1.8,3.2,33,43,105,0.15,0.00,0.15,0.15,0.15,0.07,0.09,0.17,0.07,0.17,Matches
5,6,Erik Ahlstrand,se SWE,"FW,MF",St. Pauli,22,2001,5,0,43,0.5,0,0,0,0,0,0,0,0,0.0,0.0,0.0,0.0,1,1,3,0.00,0.00,0.00,0.00,0.00,0.00,0.00,0.00,0.00,0.00,Matches
6,7,Kevin Akpoguma,ng NGA,DF,Hoffenheim,29,1995,32,23,2220,24.7,0,0,0,0,0,0,3,0,0.1,0.1,0.3,0.4,14,98,16,0.00,0.00,0.00,0.00,0.00,0.00,0.01,0.02,0.00,0.02,Matches
7,8,Andreas Albers,dk DEN,FW,St. Pauli,34,1990,14,0,62,0.7,1,0,1,1,0,0,0,0,0.6,0.6,0.1,0.7,1,3,6,1.45,0.00,1.45,1.45,1.45,0.90,0.14,1.04,0.90,1.04,Matches
8,9,Ben Alexander Voll,de GER,GK,St. Pauli,23,2000,2,1,91,1.0,0,0,0,0,0,0,1,0,0.0,0.0,0.1,0.1,0,0,0,0.00,0.00,0.00,0.00,0.00,0.00,0.10,0.10,0.00,0.10,Matches
9,10,Skelly Alvero,fr FRA,MF,Werder Bremen,22,2002,12,1,236,2.6,0,0,0,0,0,0,1,0,0.0,0.0,0.0,0.0,1,8,0,0.00,0.00,0.00,0.00,0.00,0.01,0.00,0.01,0.01,0.01,Matches
10,11,Aurele Amenda,ch SUI,DF,Eint Frankfurt,21,2003,8,1,96,1.1,0,0,0,0,0,0,1,0,0.0,0.0,0.3,0.3,1,2,1,0.00,0.00,0.00,0.00,0.00,0.00,0.23,0.23,0.00,0.23,Matches
11,12,Nadiem Amiri,de GER,MF,Mainz 05,27,1996,30,30,2473,27.5,7,5,12,5,2,2,9,2,5.5,3.9,6.6,10.5,50,204,64,0.25,0.18,0.44,0.18,0.36,0.20,0.24,0.44,0.14,0.38,Matches
12,13,Mohamed Amoura,dz ALG,FW,Wolfsburg,24,2000,31,29,2467,27.4,10,9,19,8,2,2,6,0,8.7,7.2,4.0,11.2,81,61,244,0.36,0.33,0.69,0.29,0.62,0.32,0.15,0.46,0.26,0.41,Matches
13,14,Robert Andrich,de GER,"MF,DF",Leverkusen,29,1994,23,19,1598,17.8,2,2,4,2,0,0,7,0,1.3,1.3,0.3,1.6,8,65,17,0.11,0.11,0.23,0.11,0.23,0.07,0.02,0.09,0.07,0.09,Matches
14,15,Waldemar Anton,de GER,DF,Dortmund,28,1996,26,22,1949,21.7,2,2,4,2,0,0,4,0,1.7,1.7,0.8,2.5,32,117,28,0.09,0.09,0.18,0.09,0.18,0.08,0.04,0.11,0.08,0.11,Matches
15,16,Maximilian Arnold,de GER,MF,Wolfsburg,30,1994,28,27,2356,26.2,3,5,8,3,0,0,7,1,0.9,0.9,3.5,4.3,9,128,16,0.11,0.19,0.31,0.11,0.31,0.03,0.13,0.17,0.03,0.17,Matches
16,17,Jann-Fiete Arp,de GER,"FW,MF",Holstein Kiel,24,2000,23,3,713,7.9,2,0,2,1,1,2,8,1,3.8,2.2,1.0,3.2,14,21,66,0.25,0.00,0.25,0.13,0.13,0.47,0.13,0.60,0.27,0.40,Matches
17,18,Arthur,br BRA,DF,Leverkusen,21,2003,20,7,752,8.4,0,1,1,0,0,0,1,0,0.1,0.1,0.4,0.4,15,25,53,0.00,0.12,0.12,0.00,0.12,0.01,0.04,0.05,0.01,0.05,Matches
18,19,Noah Atubolu,de GER,GK,Freiburg,22,2002,26,26,2307,25.6,0,0,0,0,0,0,2,0,0.0,0.0,0.0,0.0,0,2,0,0.00,0.00,0.00,0.00,0.00,0.00,0.00,0.00,0.00,0.00,Matches
19,20,Ayman Azhil,ma MAR,MF,Dortmund,23,2001,1,0,24,0.3,0,0,0,0,0,0,1,0,0.0,0.0,0.0,0.0,0,1,1,0.00,0.00,0.00,0.00,0.00,0.00,0.00,0.00,0.00,0.00,Matches
20,21,Adam Aznou,ma MAR,DF,Bayern Munich,18,2006,2,0,17,0.2,0,0,0,0,0,0,0,0,0.0,0.0,0.0,0.0,0,1,2,0.00,0.00,0.00,0.00,0.00,0.00,0.00,0.00,0.00,0.00,Matches
21,22,Aliou Badara Baldé,gn GUI,"MF,FW",Bochum,21,2002,5,0,91,1.0,0,0,0,0,0,0,1,0,0.2,0.2,0.2,0.4,2,1,5,0.00,0.00,0.00,0.00,0.00,0.18,0.17,0.35,0.18,0.35,Matches
22,23,Ridle Baku,de GER,"FW,MF",Wolfsburg,26,1998,15,14,1170,13.0,2,1,3,2,0,0,2,0,1.5,1.5,1.3,2.7,16,44,78,0.15,0.08,0.23,0.15,0.23,0.11,0.10,0.21,0.11,0.21,Matches
23,24,Ridle Baku,de GER,"DF,MF",RB Leipzig,26,1998,19,15,1275,14.2,2,3,5,2,0,0,1,0,1.4,1.4,1.5,2.9,21,41,97,0.14,0.21,0.35,0.14,0.35,0.10,0.11,0.20,0.10,0.20,Matches
24,25,Samuel Bamba,de GER,"FW,MF",Bochum,20,2004,5,0,27,0.3,0,0,0,0,0,0,0,0,0.1,0.1,0.0,0.1,3,5,8,0.00,0.00,0.00,0.00,0.00,0.35,0.10,0.45,0.35,0.45,Matches
25,Rk,Player,Nation,Pos,Squad,Age,Born,MP,Starts,Min,90s,Gls,Ast,G+A,G-PK,PK,PKatt,CrdY,CrdR,xG,npxG,xAG,npxG+xAG,PrgC,PrgP,PrgR,Gls,Ast,G+A,G-PK,G+A-PK,xG,xAG,xG+xAG,npxG,npxG+xAG,Matches
26,26,Noahkai Banks,us USA,DF,Augsburg,17,2006,8,2,278,3.1,0,0,0,0,0,0,2,0,0.1,0.1,0.0,0.1,2,8,3,0.00,0.00,0.00,0.00,0.00,0.02,0.00,0.02,0.02,0.02,Matches
27,27,Scott Banks,sct SCO,"FW,MF",St. Pauli,22,2001,12,0,116,1.3,0,0,0,0,0,0,1,0,0.3,0.3,0.0,0.3,3,1,8,0.00,0.00,0.00,0.00,0.00,0.22,0.00,0.22,0.22,0.22,Matches
28,28,Aymen Barkok,ma MAR,MF,Mainz 05,26,1998,4,0,73,0.8,0,0,0,0,0,0,0,0,0.0,0.0,0.1,0.1,2,5,6,0.00,0.00,0.00,0.00,0.00,0.00,0.17,0.17,0.00,0.17,Matches
29,29,Michy Batshuayi,be BEL,FW,Eint Frankfurt,30,1993,10,3,300,3.3,3,0,3,3,0,0,2,0,1.2,1.2,0.0,1.3,3,8,15,0.90,0.00,0.90,0.90,0.90,0.36,0.01,0.38,0.36,0.38,Matches
30,30,Maximilian Bauer,de GER,DF,Augsburg,24,2000,11,8,658,7.3,0,0,0,0,0,0,1,0,0.2,0.2,0.1,0.3,4,30,7,0.00,0.00,0.00,0.00,0.00,0.02,0.01,0.04,0.02,0.04,Matches
31,31,Oliver Baumann,de GER,GK,Hoffenheim,34,1990,28,28,2520,28.0,0,0,0,0,0,0,1,0,0.0,0.0,1.0,1.0,0,1,0,0.00,0.00,0.00,0.00,0.00,0.00,0.03,0.03,0.00,0.03,Matches
32,32,Christoph Baumgartner,at AUT,MF,RB Leipzig,24,1999,31,18,1610,17.9,2,1,3,2,0,0,5,0,4.5,4.5,1.3,5.8,37,53,95,0.11,0.06,0.17,0.11,0.17,0.25,0.07,0.33,0.25,0.33,Matches
33,33,Ihlas Bebou,tg TOG,MF,Hoffenheim,30,1994,1,0,9,0.1,0,0,0,0,0,0,0,0,0.0,0.0,0.0,0.0,0,0,0,0.00,0.00,0.00,0.00,0.00,0.00,0.00,0.00,0.00,0.00,Matches
34,34,Adrian Beck,de GER,"MF,FW",Heidenheim,27,1997,32,18,1598,17.8,4,1,5,4,0,0,1,0,3.3,3.3,1.2,4.5,37,69,83,0.23,0.06,0.28,0.23,0.28,0.18,0.07,0.25,0.18,0.25,Matches
35,35,Timo Becker,de GER,DF,Holstein Kiel,27,1997,30,28,2445,27.2,0,2,2,0,0,0,2,0,1.4,1.4,0.8,2.2,28,57,38,0.00,0.07,0.07,0.00,0.07,0.05,0.03,0.08,0.05,0.08,Matches
36,36,Hannes Behrens,de GER,DF,Hoffenheim,,,1,0,29,0.3,0,0,0,0,0,0,0,0,0.0,0.0,0.0,0.0,0,1,7,0.00,0.00,0.00,0.00,0.00,0.00,0.00,0.00,0.00,0.00,Matches
37,37,Kevin Behrens,de GER,FW,Wolfsburg,33,1991,18,0,170,1.9,1,0,1,1,0,0,2,0,2.3,2.3,0.1,2.4,2,4,18,0.53,0.00,0.53,0.53,0.53,1.24,0.06,1.30,1.24,1.30,Matches
38,38,Maximilian Beier,de GER,"FW,MF",Dortmund,21,2002,29,17,1591,17.7,8,5,13,8,0,0,2,0,7.7,7.7,3.3,11.0,24,33,124,0.45,0.28,0.74,0.45,0.74,0.44,0.19,0.62,0.44,0.62,Matches
39,39,Stefan Bell,de GER,DF,Mainz 05,32,1991,18,15,1436,16.0,0,1,1,0,0,0,4,0,0.8,0.8,1.0,1.8,8,38,5,0.00,0.06,0.06,0.00,0.06,0.05,0.06,0.11,0.05,0.11,Matches
40,40,Jeanuël Belocian,fr FRA,"DF,MF",Leverkusen,19,2005,5,1,68,0.8,0,0,0,0,0,0,1,0,0.0,0.0,0.0,0.0,0,3,1,0.00,0.00,0.00,0.00,0.00,0.00,0.00,0.00,0.00,0.00,Matches
41,41,László Bénes,sk SVK,"MF,FW",Union Berlin,26,1997,23,3,589,6.5,2,1,3,2,0,0,4,0,0.9,0.9,1.0,1.9,6,28,34,0.31,0.15,0.46,0.31,0.46,0.14,0.15,0.29,0.14,0.29,Matches
42,42,Ramy Bensebaini,dz ALG,DF,Dortmund,29,1995,31,23,2022,22.5,1,6,7,1,0,0,6,0,1.3,1.3,3.2,4.5,26,128,58,0.04,0.27,0.31,0.04,0.31,0.06,0.14,0.20,0.06,0.20,Matches
43,43,Mergim Berisha,de GER,"FW,MF",Hoffenheim,26,1998,11,3,333,3.7,1,1,2,1,0,0,1,0,1.0,1.0,1.0,2.0,2,7,18,0.27,0.27,0.54,0.27,0.54,0.26,0.27,0.54,0.26,0.54,Matches
44,44,Mergim Berisha,de GER,FW,Augsburg,26,1998,2,0,40,0.4,0,0,0,0,0,0,1,0,0.2,0.2,0.0,0.2,2,0,8,0.00,0.00,0.00,0.00,0.00,0.39,0.00,0.39,0.39,0.39,Matches
45,45,Bernardo,br BRA,DF,Bochum,29,1995,21,19,1782,19.8,0,0,0,0,0,0,5,0,0.7,0.7,0.7,1.4,14,100,14,0.00,0.00,0.00,0.00,0.00,0.04,0.04,0.07,0.04,0.07,Matches
46,46,Alexander Bernhardsson,se SWE,"FW,MF",Holstein Kiel,25,1998,19,15,1263,14.0,7,2,9,7,0,0,3,0,4.1,4.1,1.3,5.5,25,33,72,0.50,0.14,0.64,0.50,0.64,0.29,0.10,0.39,0.29,0.39,Matches
47,47,Matúš Bero,sk SVK,MF,Bochum,28,1995,30,29,2565,28.5,5,2,7,5,0,1,11,0,4.0,3.0,3.7,6.7,29,143,111,0.18,0.07,0.25,0.18,0.25,0.14,0.13,0.27,0.11,0.24,Matches
48,48,Jan-Niklas Beste,de GER,"FW,MF",Freiburg,25,1999,12,0,212,2.4,0,1,1,0,0,0,0,0,0.9,0.9,0.4,1.3,5,8,20,0.00,0.42,0.42,0.00,0.42,0.38,0.16,0.54,0.38,0.54,Matches
49,49,El Bilal Touré,ml MLI,"FW,MF",Stuttgart,22,2001,12,3,356,4.0,2,1,3,2,0,0,0,0,1.6,1.6,1.1,2.8,6,7,25,0.51,0.25,0.76,0.51,0.76,0.41,0.29,0.70,0.41,0.70,Matches
50,50,Tom Bischof,de GER,"MF,FW",Hoffenheim,19,2005,31,30,2559,28.4,5,2,7,5,0,0,5,0,2.2,2.2,3.6,5.9,47,138,102,0.18,0.07,0.25,0.18,0.25,0.08,0.13,0.21,0.08,0.21,Matches
51,Rk,Player,Nation,Pos,Squad,Age,Born,MP,Starts,Min,90s,Gls,Ast,G+A,G-PK,PK,PKatt,CrdY,CrdR,xG,npxG,xAG,npxG+xAG,PrgC,PrgP,PrgR,Gls,Ast,G+A,G-PK,G+A-PK,xG,xAG,xG+xAG,npxG,npxG+xAG,Matches
52,51,Leonardo Bittencourt,de GER,MF,Werder Bremen,30,1993,27,10,982,10.9,2,1,3,2,0,0,3,0,1.6,1.6,1.6,3.2,19,64,38,0.18,0.09,0.27,0.18,0.27,0.15,0.14,0.29,0.15,0.29,Matches
53,52,Myron Boadu,nl NED,FW,Bochum,23,2001,19,11,1042,11.6,9,1,10,8,1,1,2,0,7.7,6.9,1.1,8.0,12,18,70,0.78,0.09,0.86,0.69,0.78,0.67,0.10,0.76,0.60,0.69,Matches
54,53,Sacha Boey,fr FRA,DF,Bayern Munich,23,2000,13,6,593,6.6,0,2,2,0,0,0,1,0,0.1,0.1,1.2,1.3,18,39,63,0.00,0.30,0.30,0.00,0.30,0.02,0.18,0.20,0.02,0.20,Matches
55,54,Victor Boniface,ng NGA,FW,Leverkusen,23,2000,19,12,1008,11.2,8,1,9,8,0,1,2,0,7.8,7.1,1.1,8.1,26,23,61,0.71,0.09,0.80,0.71,0.80,0.70,0.10,0.80,0.63,0.73,Matches
56,55,Sebastiaan Bornauw,be BEL,DF,Wolfsburg,25,1999,15,8,788,8.8,2,1,3,2,0,0,2,0,1.2,1.2,0.5,1.7,3,21,1,0.23,0.11,0.34,0.23,0.34,0.14,0.06,0.20,0.14,0.20,Matches
57,56,Carlo Boukhalfa,ma MAR,MF,St. Pauli,25,1999,25,19,1646,18.3,2,0,2,2,0,0,1,0,1.5,1.5,1.1,2.6,10,41,44,0.11,0.00,0.11,0.11,0.11,0.08,0.06,0.14,0.08,0.14,Matches
58,57,Julian Brandt,de GER,MF,Dortmund,28,1996,30,28,2303,25.6,5,10,15,5,0,0,1,0,4.8,4.8,8.5,13.2,61,149,199,0.20,0.39,0.59,0.20,0.59,0.19,0.33,0.52,0.19,0.52,Matches
59,58,Tim Breithaupt,de GER,MF,Augsburg,22,2002,2,2,120,1.3,0,1,1,0,0,0,0,0,0.1,0.1,0.4,0.4,1,10,1,0.00,0.75,0.75,0.00,0.75,0.04,0.29,0.33,0.04,0.33,Matches
60,59,Maximilian Breunig,de GER,"FW,MF",Heidenheim,23,2000,13,2,350,3.9,2,0,2,1,1,1,0,0,3.4,2.7,0.2,2.9,5,7,13,0.51,0.00,0.51,0.26,0.26,0.89,0.05,0.94,0.68,0.74,Matches
61,60,Moritz Broschinski,de GER,"FW,MF",Bochum,23,2000,33,15,1390,15.4,1,3,4,1,0,0,1,0,4.2,4.2,1.8,6.0,37,20,130,0.06,0.19,0.26,0.06,0.26,0.27,0.12,0.39,0.27,0.39,Matches
62,61,Nathaniel Brown,de GER,"DF,MF",Eint Frankfurt,21,2003,26,22,1947,21.6,3,6,9,3,0,0,2,0,2.2,2.2,5.1,7.3,45,63,119,0.14,0.28,0.42,0.14,0.42,0.10,0.24,0.34,0.10,0.34,Matches
63,62,Jacob Bruun Larsen,dk DEN,"FW,MF",Hoffenheim,25,1998,12,3,400,4.4,2,2,4,2,0,0,0,0,2.3,2.3,0.6,2.9,16,16,41,0.45,0.45,0.90,0.45,0.90,0.52,0.15,0.66,0.52,0.66,Matches
64,63,Jacob Bruun Larsen,dk DEN,"MF,FW",Stuttgart,25,1998,15,3,414,4.6,1,0,1,1,0,0,1,0,0.6,0.6,1.2,1.8,19,19,40,0.22,0.00,0.22,0.22,0.22,0.13,0.27,0.39,0.13,0.39,Matches
65,64,Emi Buendía,ar ARG,MF,Leverkusen,27,1996,11,3,257,2.9,2,0,2,2,0,0,0,0,0.9,0.9,0.9,1.8,2,14,24,0.70,0.00,0.70,0.70,0.70,0.31,0.30,0.61,0.31,0.61,Matches
66,65,Marius Bülter,de GER,"FW,DF",Hoffenheim,31,1993,25,22,1729,19.2,7,2,9,7,0,0,4,0,3.7,3.7,3.1,6.8,57,35,155,0.36,0.10,0.47,0.36,0.47,0.19,0.16,0.35,0.19,0.35,Matches
67,66,Jonathan Burkardt,de GER,FW,Mainz 05,24,2000,29,28,2109,23.4,18,2,20,16,2,2,0,0,14.8,13.2,3.1,16.3,32,42,157,0.77,0.09,0.85,0.68,0.77,0.63,0.13,0.76,0.56,0.70,Matches
68,67,Oliver Burke,sct SCO,FW,Werder Bremen,27,1997,25,9,908,10.1,5,0,5,5,0,0,4,0,4.1,4.1,1.7,5.8,22,15,88,0.50,0.00,0.50,0.50,0.50,0.41,0.17,0.57,0.41,0.57,Matches
69,68,Marnon Busch,de GER,"DF,MF",Heidenheim,29,1994,23,15,1396,15.5,0,1,1,0,0,0,1,0,0.4,0.4,1.1,1.5,22,63,43,0.00,0.06,0.06,0.00,0.06,0.02,0.07,0.10,0.02,0.10,Matches
70,69,Anthony Caci,fr FRA,DF,Mainz 05,27,1997,33,33,2684,29.8,1,7,8,1,0,0,6,0,3.1,3.1,6.6,9.7,45,133,152,0.03,0.23,0.27,0.03,0.27,0.10,0.22,0.32,0.10,0.32,Matches
71,70,Cole Campbell,us USA,"MF,FW",Dortmund,18,2006,4,0,22,0.2,0,0,0,0,0,0,0,0,0.0,0.0,0.0,0.0,1,0,1,0.00,0.00,0.00,0.00,0.00,0.00,0.00,0.00,0.00,0.00,Matches
72,71,Emre Can,de GER,"DF,MF",Dortmund,30,1994,31,23,2105,23.4,3,0,3,1,2,2,4,1,2.0,0.4,0.7,1.1,20,116,12,0.13,0.00,0.13,0.04,0.04,0.08,0.03,0.11,0.02,0.05,Matches
73,72,Tiago Cardoso,lu LUX,GK,Gladbach,18,2006,5,4,380,4.2,0,0,0,0,0,0,0,0,0.0,0.0,0.0,0.0,0,0,0,0.00,0.00,0.00,0.00,0.00,0.00,0.00,0.00,0.00,0.00,Matches
74,73,Abdoulie Ceesay,gm GAM,FW,St. Pauli,20,2004,7,0,60,0.7,0,0,0,0,0,0,1,0,0.0,0.0,0.0,0.0,0,0,8,0.00,0.00,0.00,0.00,0.00,0.00,0.03,0.03,0.00,0.03,Matches
75,74,Julian Chabot,de GER,DF,Stuttgart,26,1998,31,27,2269,25.2,3,1,4,3,0,0,11,1,2.0,1.8,0.5,2.4,7,108,5,0.12,0.04,0.16,0.12,0.16,0.08,0.02,0.10,0.07,0.09,Matches
76,75,El Chadaille Bitshiabu,fr FRA,DF,RB Leipzig,19,2005,21,13,1130,12.6,0,0,0,0,0,0,2,1,0.3,0.3,0.4,0.7,4,69,2,0.00,0.00,0.00,0.00,0.00,0.02,0.03,0.05,0.02,0.05,Matches
77,Rk,Player,Nation,Pos,Squad,Age,Born,MP,Starts,Min,90s,Gls,Ast,G+A,G-PK,PK,PKatt,CrdY,CrdR,xG,npxG,xAG,npxG+xAG,PrgC,PrgP,PrgR,Gls,Ast,G+A,G-PK,G+A-PK,xG,xAG,xG+xAG,npxG,npxG+xAG,Matches
78,76,Fares Chaïbi,dz ALG,"MF,FW",Eint Frankfurt,21,2002,26,10,1013,11.3,1,3,4,1,0,0,2,0,2.6,2.6,2.9,5.5,20,52,73,0.09,0.27,0.36,0.09,0.36,0.23,0.26,0.49,0.23,0.49,Matches
79,77,Timothy Chandler,us USA,DF,Eint Frankfurt,34,1990,3,0,24,0.3,0,0,0,0,0,0,0,0,0.0,0.0,0.0,0.0,1,3,4,0.00,0.00,0.00,0.00,0.00,0.00,0.00,0.00,0.00,0.00,Matches
80,78,Anrie Chase,jp JPN,DF,Stuttgart,20,2004,12,7,734,8.2,0,0,0,0,0,0,1,0,0.1,0.1,0.0,0.1,6,28,2,0.00,0.00,0.00,0.00,0.00,0.02,0.00,0.02,0.02,0.02,Matches
81,79,Arthur Chaves,br BRA,DF,Hoffenheim,23,2001,26,24,2185,24.3,1,0,1,1,0,0,8,0,0.8,0.8,0.1,0.9,10,57,13,0.04,0.00,0.04,0.04,0.04,0.03,0.00,0.04,0.03,0.04,Matches
82,80,Fabio Chiarodia,it ITA,DF,Gladbach,19,2005,16,3,379,4.2,1,0,1,1,0,0,0,0,0.3,0.3,0.4,0.7,1,10,1,0.24,0.00,0.24,0.24,0.24,0.07,0.10,0.17,0.07,0.17,Matches
83,81,Carney Chukwuemeka,eng ENG,MF,Dortmund,20,2003,10,1,253,2.8,1,0,1,1,0,0,1,0,0.6,0.6,0.9,1.5,15,18,24,0.36,0.00,0.36,0.36,0.36,0.21,0.32,0.54,0.21,0.54,Matches
84,82,Alexis Claude-Maurice,fr FRA,"MF,FW",Augsburg,26,1998,28,25,2109,23.4,9,2,11,9,0,0,4,0,4.7,4.7,1.2,5.9,59,61,102,0.38,0.09,0.47,0.38,0.47,0.20,0.05,0.25,0.20,0.25,Matches
85,83,Nnamdi Collins,de GER,DF,Eint Frankfurt,20,2004,24,15,1489,16.5,1,1,2,1,0,0,4,0,0.8,0.8,1.0,1.8,30,63,42,0.06,0.06,0.12,0.06,0.12,0.05,0.06,0.11,0.05,0.11,Matches
86,84,Kingsley Coman,fr FRA,FW,Bayern Munich,28,1996,28,14,1282,14.2,5,4,9,5,0,0,0,0,4.3,4.3,3.3,7.6,66,45,215,0.35,0.28,0.63,0.35,0.63,0.30,0.23,0.53,0.30,0.53,Matches
87,85,Sirlord Conteh,de GER,"FW,MF",Heidenheim,28,1996,29,4,892,9.9,1,1,2,1,0,0,2,0,2.1,2.1,2.6,4.7,29,19,75,0.10,0.10,0.20,0.10,0.20,0.21,0.26,0.47,0.21,0.47,Matches
88,86,Danny da Costa,de GER,DF,Mainz 05,31,1993,25,25,2006,22.3,0,1,1,0,0,0,0,0,0.1,0.1,0.6,0.7,21,109,22,0.00,0.04,0.04,0.00,0.04,0.00,0.03,0.03,0.00,0.03,Matches
89,87,Yan Couto,br BRA,"DF,FW",Dortmund,22,2002,21,8,895,9.9,0,0,0,0,0,0,5,0,0.3,0.3,0.9,1.2,46,68,83,0.00,0.00,0.00,0.00,0.00,0.03,0.09,0.12,0.03,0.12,Matches
90,88,Tomáš Čvančara,cz CZE,FW,Gladbach,23,2000,28,7,831,9.2,2,0,2,2,0,0,5,1,3.8,3.8,0.9,4.7,15,23,50,0.22,0.00,0.22,0.22,0.22,0.41,0.10,0.51,0.41,0.51,Matches
91,89,Finn Dahmen,de GER,GK,Augsburg,26,1998,19,19,1710,19.0,0,0,0,0,0,0,0,0,0.0,0.0,0.0,0.0,0,3,0,0.00,0.00,0.00,0.00,0.00,0.00,0.00,0.00,0.00,0.00,Matches
92,90,Thomas Dähne,de GER,GK,Holstein Kiel,30,1994,9,9,810,9.0,0,0,0,0,0,0,0,0,0.0,0.0,0.0,0.0,0,0,0,0.00,0.00,0.00,0.00,0.00,0.00,0.00,0.00,0.00,0.00,Matches
93,91,Mahmoud Dahoud,de GER,MF,Eint Frankfurt,28,1996,9,3,364,4.0,1,1,2,1,0,0,2,0,0.5,0.5,0.7,1.2,1,17,6,0.25,0.25,0.49,0.25,0.49,0.13,0.18,0.31,0.13,0.31,Matches
94,92,Ameen Al-Dakhil,be BEL,DF,Stuttgart,22,2002,7,6,432,4.8,0,0,0,0,0,0,0,1,0.1,0.1,0.2,0.2,1,12,0,0.00,0.00,0.00,0.00,0.00,0.01,0.04,0.05,0.01,0.05,Matches
95,93,Bence Dárdai,hu HUN,MF,Wolfsburg,18,2006,21,16,1304,14.5,1,1,2,1,0,0,0,0,1.0,1.0,1.0,2.1,5,39,24,0.07,0.07,0.14,0.07,0.14,0.07,0.07,0.14,0.07,0.14,Matches
96,94,Lukas Daschner,de GER,"MF,FW",Bochum,25,1998,14,3,412,4.6,1,1,2,1,0,1,0,0,2.7,1.9,0.7,2.6,8,11,19,0.22,0.22,0.44,0.22,0.44,0.60,0.15,0.74,0.42,0.57,Matches
97,95,Alphonso Davies,ca CAN,DF,Bayern Munich,23,2000,19,17,1560,17.3,1,2,3,1,0,0,0,0,1.2,1.2,1.6,2.8,81,120,140,0.06,0.12,0.17,0.06,0.17,0.07,0.09,0.16,0.07,0.16,Matches
98,96,Olivier Deman,be BEL,DF,Werder Bremen,24,2000,9,0,67,0.7,0,0,0,0,0,0,1,0,0.0,0.0,0.1,0.1,2,4,1,0.00,0.00,0.00,0.00,0.00,0.00,0.15,0.15,0.00,0.15,Matches
99,97,Ermedin Demirović,ba BIH,FW,Stuttgart,26,1998,34,20,1855,20.6,15,1,16,15,0,2,2,0,14.1,12.4,1.9,14.3,20,31,115,0.73,0.05,0.78,0.73,0.78,0.69,0.09,0.78,0.60,0.70,Matches
100,98,Justin Diehl,de GER,"FW,DF",Stuttgart,19,2004,6,0,104,1.2,1,0,1,1,0,0,0,0,1.0,1.0,0.1,1.1,5,5,20,0.87,0.00,0.87,0.87,0.87,0.84,0.10,0.94,0.84,0.94,Matches
101,99,Eric Dier,eng ENG,DF,Bayern Munich,30,1994,21,16,1463,16.3,2,1,3,2,0,0,1,0,1.1,1.1,0.1,1.2,12,73,1,0.12,0.06,0.18,0.12,0.18,0.07,0.01,0.08,0.07,0.08,Matches
102,100,Junior Dina Ebimbe,fr FRA,"MF,FW",Eint Frankfurt,23,2000,7,3,293,3.3,0,1,1,0,0,0,0,0,0.9,0.9,0.9,1.8,5,3,27,0.00,0.31,0.31,0.00,0.31,0.26,0.29,0.56,0.26,0.56,Matches
103,Rk,Player,Nation,Pos,Squad,Age,Born,MP,Starts,Min,90s,Gls,Ast,G+A,G-PK,PK,PKatt,CrdY,CrdR,xG,npxG,xAG,npxG+xAG,PrgC,PrgP,PrgR,Gls,Ast,G+A,G-PK,G+A-PK,xG,xAG,xG+xAG,npxG,npxG+xAG,Matches
104,101,Eren Dinkçi,de GER,"MF,FW",Freiburg,22,2001,23,13,1196,13.3,0,3,3,0,0,0,1,0,1.1,1.1,2.2,3.3,33,35,71,0.00,0.23,0.23,0.00,0.23,0.09,0.16,0.25,0.09,0.25,Matches
105,102,Ritsu Doan,jp JPN,"FW,MF",Freiburg,26,1998,34,33,2862,31.8,10,7,17,10,0,0,2,0,6.6,6.6,3.7,10.3,64,130,178,0.31,0.22,0.53,0.31,0.53,0.21,0.12,0.32,0.21,0.32,Matches
106,103,Danilho Doekhi,nl NED,DF,Union Berlin,26,1998,34,34,3060,34.0,1,1,2,1,0,0,4,0,2.6,2.6,1.4,4.0,13,96,14,0.03,0.03,0.06,0.03,0.06,0.08,0.04,0.12,0.08,0.12,Matches
107,104,Niklas Dorsch,de GER,MF,Augsburg,26,1998,1,0,32,0.4,0,0,0,0,0,0,0,0,0.0,0.0,0.0,0.0,1,1,0,0.00,0.00,0.00,0.00,0.00,0.00,0.00,0.00,0.00,0.00,Matches
108,105,Niklas Dorsch,de GER,MF,Heidenheim,26,1998,22,19,1335,14.8,2,2,4,2,0,0,5,1,1.0,1.0,1.1,2.1,13,57,21,0.13,0.13,0.27,0.13,0.27,0.07,0.07,0.14,0.07,0.14,Matches
109,106,Patrick Drewes,de GER,GK,Bochum,31,1993,21,21,1890,21.0,0,0,0,0,0,0,2,0,0.0,0.0,0.0,0.0,0,0,0,0.00,0.00,0.00,0.00,0.00,0.00,0.00,0.00,0.00,0.00,Matches
110,107,Tim Drexler,de GER,DF,Hoffenheim,19,2005,8,5,357,4.0,0,0,0,0,0,0,2,0,0.1,0.1,0.0,0.1,2,16,2,0.00,0.00,0.00,0.00,0.00,0.01,0.01,0.02,0.01,0.02,Matches
111,108,Marvin Ducksch,de GER,FW,Werder Bremen,30,1994,32,30,2418,26.9,8,8,16,7,1,2,3,0,10.1,8.5,8.5,17.0,26,86,166,0.30,0.30,0.60,0.26,0.56,0.38,0.31,0.69,0.32,0.63,Matches
112,109,Julien Duranville,be BEL,"FW,MF",Dortmund,18,2006,12,2,283,3.1,0,0,0,0,0,0,3,0,0.2,0.2,0.3,0.6,16,7,33,0.00,0.00,0.00,0.00,0.00,0.08,0.10,0.18,0.08,0.18,Matches
113,110,Adam Dźwigała,pl POL,"DF,MF",St. Pauli,28,1995,16,2,373,4.1,0,0,0,0,0,0,2,1,0.4,0.4,0.0,0.4,1,14,4,0.00,0.00,0.00,0.00,0.00,0.09,0.00,0.09,0.09,0.09,Matches
114,111,Johannes Eggestein,de GER,FW,St. Pauli,26,1998,27,22,1853,20.6,3,4,7,2,1,2,3,0,4.7,3.1,2.1,5.2,25,43,138,0.15,0.19,0.34,0.10,0.29,0.23,0.10,0.33,0.15,0.25,Matches
115,112,Maximilian Eggestein,de GER,MF,Freiburg,27,1996,33,33,2845,31.6,2,0,2,2,0,0,4,0,2.0,2.0,1.5,3.5,34,141,41,0.06,0.00,0.06,0.06,0.06,0.06,0.05,0.11,0.06,0.11,Matches
116,113,Hugo Ekitike,fr FRA,FW,Eint Frankfurt,22,2002,33,31,2563,28.5,15,8,23,14,1,3,1,0,21.6,19.3,6.8,26.0,93,53,215,0.53,0.28,0.81,0.49,0.77,0.76,0.24,0.99,0.68,0.91,Matches
117,114,Elif Elmas,mk MKD,MF,RB Leipzig,24,1999,2,0,44,0.5,0,0,0,0,0,0,1,0,0.3,0.3,0.0,0.3,0,2,2,0.00,0.00,0.00,0.00,0.00,0.70,0.00,0.70,0.70,0.70,Matches
118,115,Nico Elvedi,ch SUI,DF,Gladbach,27,1996,25,25,2135,23.7,1,1,2,1,0,0,1,0,2.0,2.0,0.4,2.5,20,55,5,0.04,0.04,0.08,0.04,0.08,0.09,0.02,0.10,0.09,0.10,Matches
119,116,Arne Engels,be BEL,"MF,FW",Augsburg,20,2003,1,1,79,0.9,0,0,0,0,0,0,1,0,0.4,0.4,0.0,0.4,1,1,5,0.00,0.00,0.00,0.00,0.00,0.45,0.00,0.45,0.45,0.45,Matches
120,117,Patrick Erras,de GER,DF,Holstein Kiel,29,1995,10,10,832,9.2,1,0,1,1,0,0,2,0,0.9,0.9,0.1,1.0,3,25,1,0.11,0.00,0.11,0.11,0.11,0.10,0.01,0.11,0.10,0.11,Matches
121,118,Samuel Essende,cd COD,FW,Augsburg,26,1998,30,21,1636,18.2,7,2,9,7,0,0,4,2,4.2,4.2,1.3,5.5,33,21,118,0.39,0.11,0.50,0.39,0.50,0.23,0.07,0.30,0.23,0.30,Matches
122,119,Frank Feller,de GER,GK,Heidenheim,20,2004,2,1,121,1.3,0,0,0,0,0,0,0,0,0.0,0.0,0.0,0.0,0,0,0,0.00,0.00,0.00,0.00,0.00,0.00,0.00,0.00,0.00,0.00,Matches
123,120,Kilian Fischer,de GER,DF,Wolfsburg,23,2000,32,29,2297,25.5,1,0,1,1,0,0,7,0,0.3,0.3,0.5,0.8,51,110,89,0.04,0.00,0.04,0.04,0.04,0.01,0.02,0.03,0.01,0.03,Matches
124,121,Jonas Föhrenbach,de GER,DF,Heidenheim,28,1996,27,22,1832,20.4,0,1,1,0,0,0,3,0,0.3,0.3,1.3,1.6,36,59,50,0.00,0.05,0.05,0.00,0.05,0.01,0.06,0.08,0.01,0.08,Matches
125,122,Marco Friedl,at AUT,DF,Werder Bremen,26,1998,26,25,2161,24.0,0,0,0,0,0,0,10,2,0.5,0.5,0.2,0.7,4,69,1,0.00,0.00,0.00,0.00,0.00,0.02,0.01,0.03,0.02,0.03,Matches
126,123,Marvin Friedrich,de GER,DF,Gladbach,28,1995,22,9,989,11.0,0,1,1,0,0,0,0,0,0.4,0.4,0.6,1.1,11,36,3,0.00,0.09,0.09,0.00,0.09,0.04,0.06,0.10,0.04,0.10,Matches
127,124,Jeremie Frimpong,nl NED,"DF,MF",Leverkusen,23,2000,33,25,2314,25.7,5,5,10,5,0,0,4,0,4.1,4.1,4.2,8.3,100,55,272,0.19,0.19,0.39,0.19,0.39,0.16,0.16,0.32,0.16,0.32,Matches
128,125,Chris Führich,de GER,"MF,FW",Stuttgart,26,1998,33,23,1981,22.0,2,3,5,2,0,0,1,0,2.9,2.9,3.7,6.6,114,95,202,0.09,0.14,0.23,0.09,0.23,0.13,0.17,0.30,0.13,0.30,Matches
129,Rk,Player,Nation,Pos,Squad,Age,Born,MP,Starts,Min,90s,Gls,Ast,G+A,G-PK,PK,PKatt,CrdY,CrdR,xG,npxG,xAG,npxG+xAG,PrgC,PrgP,PrgR,Gls,Ast,G+A,G-PK,G+A-PK,xG,xAG,xG+xAG,npxG,npxG+xAG,Matches
130,126,Shiō Fukuda,jp JPN,FW,Gladbach,20,2004,6,0,60,0.7,1,0,1,1,0,0,0,0,0.4,0.4,0.0,0.4,0,1,3,1.50,0.00,1.50,1.50,1.50,0.65,0.00,0.65,0.65,0.65,Matches
131,127,Cristian Gamboa,cr CRC,DF,Bochum,34,1989,12,1,226,2.5,1,0,1,1,0,0,1,0,0.2,0.2,0.2,0.3,2,5,9,0.40,0.00,0.40,0.40,0.40,0.06,0.07,0.14,0.06,0.14,Matches
132,128,Aleix García,es ESP,MF,Leverkusen,27,1997,28,17,1455,16.2,3,4,7,3,0,0,3,0,1.0,1.0,4.9,5.9,27,120,47,0.19,0.25,0.43,0.19,0.43,0.06,0.30,0.36,0.06,0.36,Matches
133,129,Viggo Gebel,de GER,MF,RB Leipzig,16,2007,1,0,14,0.2,0,0,0,0,0,0,0,0,0.0,0.0,0.0,0.0,0,0,3,0.00,0.00,0.00,0.00,0.00,0.00,0.00,0.00,0.00,0.00,Matches
134,130,Lutsharel Geertruida,nl NED,DF,RB Leipzig,24,2000,24,17,1557,17.3,1,0,1,1,0,0,2,0,1.1,1.1,1.0,2.0,21,93,34,0.06,0.00,0.06,0.06,0.06,0.06,0.06,0.12,0.06,0.12,Matches
135,131,Dennis Geiger,de GER,"MF,FW",Hoffenheim,26,1998,20,7,734,8.2,0,0,0,0,0,0,4,0,0.2,0.2,0.5,0.6,12,37,21,0.00,0.00,0.00,0.00,0.00,0.02,0.06,0.08,0.02,0.08,Matches
136,132,Valentin Gendrey,fr FRA,DF,Hoffenheim,24,2000,22,14,1414,15.7,1,1,2,1,0,0,1,0,1.1,1.1,1.8,2.9,24,49,86,0.06,0.06,0.13,0.06,0.13,0.07,0.12,0.19,0.07,0.19,Matches
137,133,Yannick Gerhardt,de GER,"MF,DF",Wolfsburg,30,1994,29,15,1518,16.9,1,1,2,1,0,0,5,1,1.2,1.2,0.2,1.4,27,57,63,0.06,0.06,0.12,0.06,0.12,0.07,0.01,0.08,0.07,0.08,Matches
138,134,Max Geschwill,de GER,DF,Holstein Kiel,23,2001,19,13,1282,14.2,1,2,3,1,0,0,2,0,0.9,0.9,0.8,1.6,6,58,16,0.07,0.14,0.21,0.07,0.21,0.06,0.05,0.12,0.06,0.12,Matches
139,135,Dimitris Giannoulis,gr GRE,DF,Augsburg,28,1995,31,31,2650,29.4,1,4,5,1,0,0,8,0,1.1,1.1,4.2,5.3,60,104,164,0.03,0.14,0.17,0.03,0.17,0.04,0.14,0.18,0.04,0.18,Matches
140,136,Armin Gigovic,ba BIH,MF,Holstein Kiel,22,2002,31,23,1895,21.1,5,1,6,5,0,0,5,0,1.9,1.9,2.1,3.9,37,50,45,0.24,0.05,0.28,0.24,0.28,0.09,0.10,0.19,0.09,0.19,Matches
141,137,Benedikt Gimber,de GER,DF,Heidenheim,27,1997,32,32,2671,29.7,0,0,0,0,0,0,9,0,0.7,0.7,0.3,1.0,7,46,8,0.00,0.00,0.00,0.00,0.00,0.02,0.01,0.03,0.02,0.03,Matches
142,138,Matthias Ginter,de GER,DF,Freiburg,30,1994,32,28,2561,28.5,2,1,3,2,0,0,5,0,2.8,2.8,0.7,3.5,11,113,16,0.07,0.04,0.11,0.07,0.11,0.10,0.02,0.12,0.10,0.12,Matches
143,139,Jamie Gittens,eng ENG,"FW,MF",Dortmund,19,2004,32,21,1776,19.7,8,3,11,8,0,0,4,0,3.6,3.6,2.5,6.1,113,42,180,0.41,0.15,0.56,0.41,0.56,0.18,0.13,0.31,0.18,0.31,Matches
144,140,Serge Gnabry,de GER,"FW,MF",Bayern Munich,29,1995,27,13,1242,13.8,7,5,12,7,0,1,0,0,7.5,6.8,5.1,11.9,44,48,149,0.51,0.36,0.87,0.51,0.87,0.55,0.37,0.92,0.49,0.86,Matches
145,141,Tidiam Gomis,fr FRA,"MF,FW",RB Leipzig,17,2006,8,1,152,1.7,0,1,1,0,0,0,2,0,0.3,0.3,0.9,1.2,5,3,14,0.00,0.59,0.59,0.00,0.59,0.15,0.55,0.70,0.15,0.70,Matches
146,142,Leon Goretzka,de GER,"MF,DF",Bayern Munich,29,1995,26,13,1325,14.7,4,1,5,4,0,0,2,0,2.8,2.8,1.7,4.4,35,127,28,0.27,0.07,0.34,0.27,0.34,0.19,0.11,0.30,0.19,0.30,Matches
147,143,Robin Gosens,de GER,DF,Union Berlin,30,1994,1,1,90,1.0,0,0,0,0,0,0,1,0,0.0,0.0,0.1,0.2,1,4,5,0.00,0.00,0.00,0.00,0.00,0.02,0.13,0.15,0.02,0.15,Matches
148,144,Mario Götze,de GER,"MF,FW",Eint Frankfurt,32,1992,24,18,1542,17.1,3,2,5,3,0,0,1,0,2.9,2.9,3.1,6.0,29,88,96,0.18,0.12,0.29,0.18,0.29,0.17,0.18,0.35,0.17,0.35,Matches
149,145,Jeffrey Gouweleeuw,nl NED,DF,Augsburg,33,1991,33,33,2944,32.7,1,4,5,1,0,1,9,0,1.7,0.9,2.2,3.1,24,142,19,0.03,0.12,0.15,0.03,0.15,0.05,0.07,0.12,0.03,0.10,Matches
150,146,Kamil Grabara,pl POL,GK,Wolfsburg,25,1999,29,29,2585,28.7,0,0,0,0,0,0,2,0,0.0,0.0,0.0,0.0,0,2,0,0.00,0.00,0.00,0.00,0.00,0.00,0.00,0.00,0.00,0.00,Matches
151,147,Michael Gregoritsch,at AUT,FW,Freiburg,30,1994,20,5,639,7.1,2,1,3,2,0,0,2,0,1.8,1.8,0.4,2.2,6,19,36,0.28,0.14,0.42,0.28,0.42,0.25,0.06,0.31,0.25,0.31,Matches
152,148,Vincenzo Grifo,it ITA,"FW,MF",Freiburg,31,1993,34,31,2432,27.0,8,11,19,8,0,3,2,0,7.9,5.6,6.9,12.5,58,128,147,0.30,0.41,0.70,0.30,0.70,0.29,0.26,0.55,0.21,0.46,Matches
153,149,Florian Grillitsch,at AUT,MF,Hoffenheim,28,1995,8,8,601,6.7,0,0,0,0,0,0,1,0,0.2,0.2,0.2,0.3,4,44,4,0.00,0.00,0.00,0.00,0.00,0.02,0.03,0.05,0.02,0.05,Matches
154,150,Álex Grimaldo,es ESP,DF,Leverkusen,28,1995,32,31,2636,29.3,2,7,9,2,0,0,6,1,2.5,2.5,8.1,10.6,86,160,252,0.07,0.24,0.31,0.07,0.31,0.09,0.28,0.36,0.09,0.36,Matches
155,Rk,Player,Nation,Pos,Squad,Age,Born,MP,Starts,Min,90s,Gls,Ast,G+A,G-PK,PK,PKatt,CrdY,CrdR,xG,npxG,xAG,npxG+xAG,PrgC,PrgP,PrgR,Gls,Ast,G+A,G-PK,G+A-PK,xG,xAG,xG+xAG,npxG,npxG+xAG,Matches
156,151,Pascal Groß,de GER,"MF,DF",Dortmund,33,1991,30,28,2327,25.9,0,9,9,0,0,0,5,1,2.4,2.4,5.1,7.5,41,178,122,0.00,0.35,0.35,0.00,0.35,0.09,0.20,0.29,0.09,0.29,Matches
157,152,Marco Grüll,at AUT,"FW,MF",Werder Bremen,26,1998,30,13,1181,13.1,6,1,7,6,0,0,1,0,4.0,4.0,1.8,5.8,24,38,93,0.46,0.08,0.53,0.46,0.53,0.30,0.14,0.44,0.30,0.44,Matches
158,153,Raphaël Guerreiro,pt POR,"DF,MF",Bayern Munich,30,1993,23,19,1572,17.5,4,4,8,4,0,0,2,0,2.9,2.9,2.9,5.8,39,85,126,0.23,0.23,0.46,0.23,0.46,0.16,0.17,0.33,0.16,0.33,Matches
159,154,Morgan Guilavogui,gn GUI,"FW,MF",St. Pauli,26,1998,25,21,1807,20.1,6,2,8,6,0,0,6,0,7.1,7.1,1.9,9.1,42,41,135,0.30,0.10,0.40,0.30,0.40,0.36,0.10,0.45,0.36,0.45,Matches
160,155,Serhou Guirassy,gn GUI,FW,Dortmund,28,1996,30,29,2598,28.9,21,4,25,18,3,4,4,0,22.7,19.6,3.9,23.5,25,43,128,0.73,0.14,0.87,0.62,0.76,0.79,0.14,0.92,0.68,0.81,Matches
161,156,Péter Gulácsi,hu HUN,GK,RB Leipzig,34,1990,30,30,2631,29.2,0,0,0,0,0,0,0,0,0.0,0.0,0.0,0.0,0,0,0,0.00,0.00,0.00,0.00,0.00,0.00,0.00,0.00,0.00,0.00,Matches
162,157,Robert Gumny,pl POL,DF,Augsburg,26,1998,7,2,271,3.0,0,0,0,0,0,0,2,0,0.3,0.3,0.5,0.8,5,10,13,0.00,0.00,0.00,0.00,0.00,0.11,0.15,0.26,0.11,0.26,Matches
163,158,Christian Günter,de GER,DF,Freiburg,31,1993,29,27,2314,25.7,2,2,4,2,0,0,0,0,0.8,0.6,2.5,3.2,19,52,109,0.08,0.08,0.16,0.08,0.16,0.03,0.10,0.13,0.02,0.12,Matches
164,159,Janik Haberer,de GER,"MF,DF",Union Berlin,30,1994,28,21,1696,18.8,0,0,0,0,0,0,1,0,0.7,0.7,0.8,1.6,13,59,22,0.00,0.00,0.00,0.00,0.00,0.04,0.04,0.08,0.04,0.08,Matches
165,160,Robin Hack,de GER,"FW,MF",Gladbach,25,1998,33,27,2172,24.1,4,7,11,4,0,0,4,0,5.4,5.4,3.6,9.0,51,95,141,0.17,0.29,0.46,0.17,0.46,0.22,0.15,0.38,0.22,0.38,Matches
166,161,Amadou Haidara,ml MLI,MF,RB Leipzig,26,1998,28,16,1320,14.7,0,1,1,0,0,0,7,0,1.4,1.4,0.9,2.2,7,65,24,0.00,0.07,0.07,0.00,0.07,0.09,0.06,0.15,0.09,0.15,Matches
167,162,Andreas Hanche-Olsen,no NOR,DF,Mainz 05,27,1997,22,12,1284,14.3,1,1,2,1,0,0,4,1,0.8,0.8,0.3,1.1,2,34,5,0.07,0.07,0.14,0.07,0.14,0.06,0.02,0.08,0.06,0.08,Matches
168,163,Phil Harres,de GER,FW,Holstein Kiel,22,2002,26,17,1544,17.2,8,1,9,8,0,0,3,0,5.9,5.9,1.3,7.2,12,16,71,0.47,0.06,0.52,0.47,0.52,0.34,0.07,0.42,0.34,0.42,Matches
169,164,Ramon Hendriks,nl NED,DF,Stuttgart,23,2001,25,10,1154,12.8,0,1,1,0,0,0,3,0,0.6,0.6,1.0,1.6,8,36,22,0.00,0.08,0.08,0.00,0.08,0.04,0.08,0.12,0.04,0.12,Matches
170,165,Paul Hennrich,de GER,MF,Hoffenheim,19,2005,1,0,12,0.1,0,0,0,0,0,0,0,0,0.0,0.0,0.0,0.0,1,0,0,0.00,0.00,0.00,0.00,0.00,0.00,0.00,0.00,0.00,0.00,Matches
171,166,Benjamin Henrichs,de GER,DF,RB Leipzig,27,1997,15,10,935,10.4,0,2,2,0,0,0,3,0,0.5,0.4,1.4,1.8,9,29,55,0.00,0.19,0.19,0.00,0.19,0.05,0.14,0.18,0.04,0.18,Matches
172,167,Mario Hermoso,es ESP,DF,Leverkusen,29,1995,4,3,293,3.3,0,0,0,0,0,0,0,0,0.4,0.4,0.2,0.6,2,20,3,0.00,0.00,0.00,0.00,0.00,0.11,0.06,0.17,0.11,0.17,Matches
173,168,Piero Hincapié,ec ECU,DF,Leverkusen,22,2002,32,28,2670,29.7,2,2,4,2,0,0,8,0,2.9,2.9,3.2,6.1,52,152,72,0.07,0.07,0.13,0.07,0.13,0.10,0.11,0.21,0.10,0.21,Matches
174,169,Adam Hložek,cz CZE,"FW,MF",Hoffenheim,22,2002,27,22,1871,20.8,8,4,12,8,0,0,2,0,5.6,5.6,3.5,9.1,54,68,102,0.38,0.19,0.58,0.38,0.58,0.27,0.17,0.44,0.27,0.44,Matches
175,170,Nicolas Höfler,de GER,MF,Freiburg,34,1990,20,7,794,8.8,0,0,0,0,0,0,3,0,0.2,0.2,0.1,0.3,1,30,3,0.00,0.00,0.00,0.00,0.00,0.03,0.01,0.04,0.03,0.04,Matches
176,171,Jonas Hofmann,de GER,"MF,DF",Leverkusen,32,1992,11,4,356,4.0,2,1,3,2,0,0,1,0,1.0,1.0,0.4,1.4,10,14,29,0.51,0.25,0.76,0.51,0.76,0.25,0.11,0.35,0.25,0.35,Matches
177,172,Philipp Hofmann,de GER,FW,Bochum,31,1993,32,27,2277,25.3,3,3,6,3,0,0,4,0,5.5,5.5,3.3,8.8,8,53,112,0.12,0.12,0.24,0.12,0.24,0.22,0.13,0.35,0.22,0.35,Matches
178,173,Lucas Höler,de GER,"FW,MF",Freiburg,30,1994,31,21,1867,20.7,6,4,10,6,0,1,3,0,7.7,6.9,2.9,9.8,21,47,122,0.29,0.19,0.48,0.29,0.48,0.37,0.14,0.51,0.33,0.47,Matches
179,174,Benedict Hollerbach,de GER,"FW,MF",Union Berlin,23,2001,34,30,2540,28.2,9,1,10,9,0,0,3,0,7.0,7.0,1.6,8.6,103,68,214,0.32,0.04,0.35,0.32,0.35,0.25,0.06,0.31,0.25,0.31,Matches
180,175,Lewis Holtby,de GER,MF,Holstein Kiel,33,1990,25,13,1238,13.8,0,1,1,0,0,0,1,1,0.5,0.5,1.5,2.1,14,47,34,0.00,0.07,0.07,0.00,0.07,0.04,0.11,0.15,0.04,0.15,Matches
181,Rk,Player,Nation,Pos,Squad,Age,Born,MP,Starts,Min,90s,Gls,Ast,G+A,G-PK,PK,PKatt,CrdY,CrdR,xG,npxG,xAG,npxG+xAG,PrgC,PrgP,PrgR,Gls,Ast,G+A,G-PK,G+A-PK,xG,xAG,xG+xAG,npxG,npxG+xAG,Matches
182,176,Gerrit Holtmann,ph PHI,"DF,FW",Bochum,29,1995,23,12,1136,12.6,2,1,3,2,0,0,2,0,2.0,2.0,2.9,4.9,50,33,97,0.16,0.08,0.24,0.16,0.24,0.16,0.23,0.39,0.16,0.39,Matches
183,177,Franck Honorat,fr FRA,FW,Gladbach,27,1996,19,18,1439,16.0,4,7,11,4,0,0,0,0,4.5,4.5,5.3,9.8,63,45,124,0.25,0.44,0.69,0.25,0.69,0.28,0.33,0.61,0.28,0.61,Matches
184,178,Mathias Honsak,at AUT,"FW,DF",Heidenheim,27,1996,22,12,1181,13.1,5,1,6,5,0,0,1,0,3.3,3.3,1.6,4.9,37,29,58,0.38,0.08,0.46,0.38,0.46,0.26,0.12,0.38,0.26,0.38,Matches
185,179,Timo Horn,de GER,GK,Bochum,31,1993,13,13,1170,13.0,0,0,0,0,0,0,2,0,0.0,0.0,0.0,0.0,0,1,0,0.00,0.00,0.00,0.00,0.00,0.00,0.00,0.00,0.00,0.00,Matches
186,180,Lukáš Hrádecký,fi FIN,GK,Leverkusen,34,1989,29,29,2610,29.0,0,0,0,0,0,0,1,0,0.0,0.0,0.0,0.0,0,0,0,0.00,0.00,0.00,0.00,0.00,0.00,0.00,0.00,0.00,0.00,Matches
187,181,Robin Hranáč,cz CZE,DF,Hoffenheim,24,2000,4,2,219,2.4,0,0,0,0,0,0,0,0,0.0,0.0,0.0,0.0,2,4,0,0.00,0.00,0.00,0.00,0.00,0.00,0.00,0.00,0.00,0.00,Matches
188,182,Hong Hyunseok,kr KOR,MF,Mainz 05,25,1999,23,4,530,5.9,0,1,1,0,0,0,0,0,0.5,0.5,1.5,1.9,10,23,31,0.00,0.17,0.17,0.00,0.17,0.08,0.25,0.33,0.08,0.33,Matches
189,183,Oscar Højlund,dk DEN,MF,Eint Frankfurt,19,2005,20,7,722,8.0,1,0,1,1,0,0,0,0,1.0,1.0,1.1,2.0,17,49,9,0.12,0.00,0.12,0.12,0.12,0.12,0.13,0.25,0.12,0.25,Matches
190,184,Arijon Ibrahimović,de GER,FW,Bayern Munich,18,2005,1,0,1,0.0,0,0,0,0,0,0,0,0,0.0,0.0,0.0,0.0,0,0,0,0.00,0.00,0.00,0.00,0.00,0.00,0.00,0.00,0.00,0.00,Matches
191,185,Andrej Ilic,rs SRB,FW,Union Berlin,24,2000,16,11,937,10.4,7,0,7,6,1,1,1,0,4.9,4.1,0.3,4.4,5,13,59,0.67,0.00,0.67,0.58,0.58,0.47,0.03,0.50,0.39,0.42,Matches
192,186,Jackson Irvine,au AUS,MF,St. Pauli,31,1993,29,29,2610,29.0,0,6,6,0,0,0,2,0,3.2,3.0,3.9,7.0,19,117,58,0.00,0.21,0.21,0.00,0.21,0.11,0.14,0.25,0.10,0.24,Matches
193,187,Ko Itakura,jp JPN,DF,Gladbach,27,1997,31,31,2790,31.0,3,0,3,3,0,0,5,0,1.6,1.6,0.8,2.5,23,69,5,0.10,0.00,0.10,0.10,0.10,0.05,0.03,0.08,0.05,0.08,Matches
194,188,Hiroki Ito,jp JPN,DF,Bayern Munich,25,1999,6,3,250,2.8,1,0,1,1,0,0,1,0,0.4,0.4,0.4,0.8,3,18,6,0.36,0.00,0.36,0.36,0.36,0.13,0.14,0.27,0.13,0.27,Matches
195,189,Marko Ivezić,rs SRB,DF,Holstein Kiel,22,2001,23,18,1657,18.4,0,0,0,0,0,0,5,0,0.6,0.6,0.2,0.8,3,40,9,0.00,0.00,0.00,0.00,0.00,0.03,0.01,0.04,0.03,0.04,Matches
196,190,Lee Jae-sung,kr KOR,MF,Mainz 05,31,1992,33,31,2650,29.4,7,6,13,7,0,0,4,0,5.3,5.3,5.0,10.3,28,105,165,0.24,0.20,0.44,0.24,0.44,0.18,0.17,0.35,0.18,0.35,Matches
197,191,Kristijan Jakić,hr CRO,MF,Augsburg,27,1997,31,27,2306,25.6,0,1,1,0,0,0,2,0,0.8,0.8,1.2,2.0,24,106,49,0.00,0.04,0.04,0.00,0.04,0.03,0.05,0.08,0.03,0.08,Matches
198,192,Luca Jaquez,ch SUI,DF,Stuttgart,21,2003,5,2,253,2.8,0,0,0,0,0,0,0,0,0.2,0.2,0.0,0.2,5,18,0,0.00,0.00,0.00,0.00,0.00,0.08,0.00,0.08,0.08,0.08,Matches
199,193,Dominik Javorček,sk SVK,"DF,MF",Holstein Kiel,21,2002,13,4,386,4.3,0,2,2,0,0,0,2,0,0.0,0.0,1.0,1.0,7,4,23,0.00,0.47,0.47,0.00,0.47,0.00,0.23,0.24,0.00,0.24,Matches
200,194,Finn Jeltsch,de GER,DF,Stuttgart,18,2006,12,9,780,8.7,0,0,0,0,0,0,2,0,0.1,0.1,0.1,0.1,8,31,5,0.00,0.00,0.00,0.00,0.00,0.01,0.01,0.02,0.01,0.02,Matches
201,195,Fredrik Jensen,fi FIN,MF,Augsburg,26,1997,20,9,763,8.5,0,0,0,0,0,0,0,0,0.7,0.7,0.7,1.4,16,20,58,0.00,0.00,0.00,0.00,0.00,0.08,0.08,0.16,0.08,0.16,Matches
202,196,Moritz Jenz,de GER,DF,Mainz 05,25,1999,19,18,1600,17.8,0,0,0,0,0,0,4,0,1.6,1.6,0.3,1.8,1,47,3,0.00,0.00,0.00,0.00,0.00,0.09,0.01,0.10,0.09,0.10,Matches
203,197,Carl Johansson,se SWE,DF,Holstein Kiel,30,1994,10,7,568,6.3,0,0,0,0,0,0,0,1,0.0,0.0,0.4,0.5,0,12,0,0.00,0.00,0.00,0.00,0.00,0.01,0.06,0.07,0.01,0.07,Matches
204,198,Anthony Jung,de GER,DF,Werder Bremen,32,1991,28,20,1898,21.1,0,0,0,0,0,0,1,0,0.0,0.0,0.1,0.1,20,121,6,0.00,0.00,0.00,0.00,0.00,0.00,0.00,0.00,0.00,0.00,Matches
205,199,Josip Juranović,hr CRO,"DF,MF",Union Berlin,28,1995,17,13,1159,12.9,0,1,1,0,0,0,4,0,0.3,0.3,1.8,2.1,19,52,45,0.00,0.08,0.08,0.00,0.08,0.02,0.14,0.16,0.02,0.16,Matches
206,200,David Jurásek,cz CZE,DF,Hoffenheim,23,2000,14,6,619,6.9,0,1,1,0,0,0,0,0,0.1,0.1,0.9,1.0,17,22,42,0.00,0.15,0.15,0.00,0.15,0.02,0.13,0.14,0.02,0.14,Matches
207,Rk,Player,Nation,Pos,Squad,Age,Born,MP,Starts,Min,90s,Gls,Ast,G+A,G-PK,PK,PKatt,CrdY,CrdR,xG,npxG,xAG,npxG+xAG,PrgC,PrgP,PrgR,Gls,Ast,G+A,G-PK,G+A-PK,xG,xAG,xG+xAG,npxG,npxG+xAG,Matches
208,201,Yusuf Kabadayı,de GER,"FW,MF",Augsburg,20,2004,5,0,71,0.8,1,0,1,1,0,0,0,0,0.6,0.6,0.0,0.7,2,3,8,1.27,0.00,1.27,1.27,1.27,0.82,0.06,0.89,0.82,0.89,Matches
209,202,Almugera Kabar,de GER,DF,Dortmund,18,2006,5,1,137,1.5,0,0,0,0,0,0,2,1,0.0,0.0,0.5,0.5,5,6,2,0.00,0.00,0.00,0.00,0.00,0.00,0.36,0.36,0.00,0.36,Matches
210,203,Issa Kaboré,bf BFA,"DF,FW",Werder Bremen,23,2001,9,3,308,3.4,0,0,0,0,0,0,0,0,0.7,0.7,0.8,1.5,15,8,35,0.00,0.00,0.00,0.00,0.00,0.20,0.25,0.45,0.20,0.45,Matches
211,204,Pavel Kadeřábek,cz CZE,DF,Hoffenheim,32,1992,24,18,1576,17.5,2,0,2,2,0,0,6,0,0.8,0.8,2.0,2.7,15,47,86,0.11,0.00,0.11,0.11,0.11,0.04,0.11,0.16,0.04,0.16,Matches
212,205,Jakub Kamiński,pl POL,"DF,MF",Wolfsburg,22,2002,22,12,1130,12.6,0,2,2,0,0,0,2,0,0.9,0.9,3.3,4.2,41,40,69,0.00,0.16,0.16,0.00,0.16,0.07,0.26,0.34,0.07,0.34,Matches
213,206,Kevin Kampl,si SVN,MF,RB Leipzig,33,1990,26,18,1593,17.7,1,0,1,1,0,0,5,0,0.8,0.8,1.4,2.2,21,106,32,0.06,0.00,0.06,0.06,0.06,0.05,0.08,0.13,0.05,0.13,Matches
214,207,Harry Kane,eng ENG,FW,Bayern Munich,31,1993,31,28,2381,26.5,26,9,35,17,9,9,5,0,20.3,13.3,5.3,18.6,29,97,143,0.98,0.34,1.32,0.64,0.98,0.77,0.20,0.97,0.50,0.70,Matches
215,208,Atakan Karazor,,MF,Stuttgart,27,1996,32,31,2618,29.1,2,4,6,2,0,0,10,1,2.3,2.0,2.6,4.6,19,140,33,0.07,0.14,0.21,0.07,0.21,0.08,0.09,0.17,0.07,0.16,Matches
216,209,Mikkel Kaufmann,dk DEN,FW,Heidenheim,23,2001,9,3,372,4.1,0,0,0,0,0,0,2,0,0.5,0.5,0.1,0.6,4,10,21,0.00,0.00,0.00,0.00,0.00,0.13,0.03,0.15,0.13,0.15,Matches
217,210,Yannik Keitel,de GER,MF,Stuttgart,24,2000,11,2,270,3.0,0,0,0,0,0,0,1,0,0.5,0.5,0.0,0.6,2,11,3,0.00,0.00,0.00,0.00,0.00,0.18,0.01,0.19,0.18,0.19,Matches
218,211,Andu Kelati,de GER,"MF,DF",Holstein Kiel,21,2002,8,2,288,3.2,1,1,2,1,0,0,2,1,0.9,0.9,0.8,1.7,3,19,11,0.31,0.31,0.62,0.31,0.62,0.27,0.26,0.53,0.27,0.53,Matches
219,212,Thomas Keller,de GER,"DF,MF",Heidenheim,24,1999,6,2,148,1.6,0,0,0,0,0,0,2,0,0.0,0.0,0.0,0.0,0,6,0,0.00,0.00,0.00,0.00,0.00,0.01,0.00,0.01,0.01,0.01,Matches
220,213,Aljoscha Kemlein,de GER,MF,Union Berlin,19,2004,15,11,922,10.2,1,0,1,1,0,0,3,0,0.9,0.9,0.6,1.5,5,42,19,0.10,0.00,0.10,0.10,0.10,0.09,0.06,0.15,0.09,0.15,Matches
221,214,Luca Kerber,de GER,"MF,DF",Heidenheim,22,2002,23,7,783,8.7,2,0,2,2,0,0,4,0,0.6,0.6,0.7,1.3,1,16,12,0.23,0.00,0.23,0.23,0.23,0.07,0.08,0.15,0.07,0.15,Matches
222,215,Rani Khedira,de GER,MF,Union Berlin,30,1994,32,31,2723,30.3,1,1,2,1,0,0,7,0,1.4,1.4,0.6,2.1,12,80,34,0.03,0.03,0.07,0.03,0.07,0.05,0.02,0.07,0.05,0.07,Matches
223,216,Joshua Kimmich,de GER,MF,Bayern Munich,29,1995,33,32,2847,31.6,3,7,10,3,0,0,4,0,1.8,1.8,7.4,9.2,51,362,77,0.09,0.22,0.32,0.09,0.32,0.06,0.24,0.29,0.06,0.29,Matches
224,217,Tim Kleindienst,de GER,FW,Gladbach,28,1995,31,31,2737,30.4,16,7,23,15,1,2,5,1,13.6,11.9,6.2,18.0,45,63,145,0.53,0.23,0.76,0.49,0.72,0.45,0.20,0.65,0.39,0.59,Matches
225,218,Lukas Klostermann,de GER,DF,RB Leipzig,28,1996,28,20,1838,20.4,1,0,1,1,0,0,5,0,0.3,0.3,0.1,0.4,16,83,26,0.05,0.00,0.05,0.05,0.05,0.02,0.01,0.02,0.02,0.02,Matches
226,219,Ansgar Knauff,de GER,"MF,DF",Eint Frankfurt,22,2002,30,18,1597,17.7,4,5,9,4,0,0,3,0,4.9,4.9,5.2,10.0,53,58,146,0.23,0.28,0.51,0.23,0.51,0.28,0.29,0.57,0.28,0.57,Matches
227,220,Magnus Knudsen,no NOR,MF,Holstein Kiel,23,2001,31,22,1850,20.6,0,1,1,0,0,0,7,0,0.7,0.7,1.3,2.0,16,54,25,0.00,0.05,0.05,0.00,0.05,0.03,0.06,0.10,0.03,0.10,Matches
228,221,Gregor Kobel,ch SUI,GK,Dortmund,26,1997,32,32,2880,32.0,0,0,0,0,0,0,1,0,0.0,0.0,0.0,0.0,0,1,0,0.00,0.00,0.00,0.00,0.00,0.00,0.00,0.00,0.00,0.00,Matches
229,222,Robin Koch,de GER,DF,Eint Frankfurt,28,1996,30,30,2586,28.7,3,0,3,3,0,0,3,0,1.7,1.7,0.2,2.0,9,93,4,0.10,0.00,0.10,0.10,0.10,0.06,0.01,0.07,0.06,0.07,Matches
230,223,Derrick Köhn,de GER,"DF,FW",Werder Bremen,25,1999,27,14,1343,14.9,2,2,4,2,0,0,2,0,0.7,0.7,1.6,2.4,36,39,122,0.13,0.13,0.27,0.13,0.27,0.05,0.11,0.16,0.05,0.16,Matches
231,224,Dominik Kohr,de GER,"DF,MF",Mainz 05,30,1994,28,28,2295,25.5,2,0,2,2,0,0,11,1,1.6,1.6,0.6,2.1,26,101,31,0.08,0.00,0.08,0.08,0.08,0.06,0.02,0.08,0.06,0.08,Matches
232,225,Marco Komenda,hr CRO,DF,Holstein Kiel,27,1996,19,17,1307,14.5,0,0,0,0,0,0,3,0,0.1,0.1,0.8,0.9,13,53,16,0.00,0.00,0.00,0.00,0.00,0.01,0.06,0.06,0.01,0.06,Matches
233,Rk,Player,Nation,Pos,Squad,Age,Born,MP,Starts,Min,90s,Gls,Ast,G+A,G-PK,PK,PKatt,CrdY,CrdR,xG,npxG,xAG,npxG+xAG,PrgC,PrgP,PrgR,Gls,Ast,G+A,G-PK,G+A-PK,xG,xAG,xG+xAG,npxG,npxG+xAG,Matches
234,226,Mert Kömür,de GER,MF,Augsburg,19,2005,20,5,654,7.3,2,1,3,2,0,0,1,0,1.1,1.1,1.5,2.6,18,11,46,0.28,0.14,0.41,0.28,0.41,0.16,0.20,0.36,0.16,0.36,Matches
235,227,Kacper Koscierski,de GER,DF,Bochum,17,2007,1,0,7,0.1,0,0,0,0,0,0,0,0,0.0,0.0,0.0,0.0,0,0,0,0.00,0.00,0.00,0.00,0.00,0.00,0.00,0.00,0.00,0.00,Matches
236,228,Henri Koudossou,de GER,DF,Augsburg,24,1999,21,4,748,8.3,0,0,0,0,0,0,1,0,0.1,0.1,0.8,0.9,19,23,48,0.00,0.00,0.00,0.00,0.00,0.01,0.09,0.10,0.01,0.10,Matches
237,229,Konstantinos Koulierakis,gr GRE,DF,Wolfsburg,20,2003,30,28,2468,27.4,0,2,2,0,0,0,4,0,1.0,1.0,1.0,1.9,20,104,8,0.00,0.07,0.07,0.00,0.07,0.03,0.04,0.07,0.03,0.07,Matches
238,230,Matej Kovar,cz CZE,GK,Leverkusen,24,2000,5,5,450,5.0,0,0,0,0,0,0,0,0,0.0,0.0,0.0,0.0,0,0,0,0.00,0.00,0.00,0.00,0.00,0.00,0.00,0.00,0.00,0.00,Matches
239,231,Andrej Kramarić,hr CRO,"MF,FW",Hoffenheim,33,1991,32,32,2767,30.7,11,8,19,8,3,3,4,0,11.8,9.5,4.3,13.7,75,143,202,0.36,0.26,0.62,0.26,0.52,0.38,0.14,0.52,0.31,0.45,Matches
240,232,Frans Krätzig,de GER,"DF,MF",Heidenheim,21,2003,16,15,1217,13.5,1,2,3,1,0,0,1,0,0.6,0.6,1.8,2.5,25,37,57,0.07,0.15,0.22,0.07,0.22,0.05,0.13,0.18,0.05,0.18,Matches
241,233,Frans Krätzig,de GER,DF,Stuttgart,21,2003,1,1,56,0.6,0,0,0,0,0,0,0,0,0.0,0.0,0.0,0.0,0,2,2,0.00,0.00,0.00,0.00,0.00,0.00,0.00,0.00,0.00,0.00,Matches
242,234,Tom Krauß,de GER,MF,Bochum,23,2001,14,13,1077,12.0,0,0,0,0,0,0,2,0,0.4,0.4,0.7,1.1,16,84,20,0.00,0.00,0.00,0.00,0.00,0.03,0.06,0.09,0.03,0.09,Matches
243,235,Rasmus Kristensen,dk DEN,DF,Eint Frankfurt,27,1997,30,28,2513,27.9,5,3,8,5,0,0,4,0,2.5,2.5,3.1,5.6,51,172,162,0.18,0.11,0.29,0.18,0.29,0.09,0.11,0.20,0.09,0.20,Matches
244,236,Lukas Kübler,de GER,DF,Freiburg,31,1992,28,22,1842,20.5,5,1,6,5,0,0,5,0,2.7,2.7,0.8,3.5,24,78,49,0.24,0.05,0.29,0.24,0.29,0.13,0.04,0.17,0.13,0.17,Matches
245,237,Jonah Kusi-Asare,se SWE,FW,Bayern Munich,17,2007,1,0,3,0.0,0,0,0,0,0,0,0,0,0.0,0.0,0.0,0.0,0,0,0,0.00,0.00,0.00,0.00,0.00,1.12,0.00,1.12,1.12,1.12,Matches
246,238,Moritz-Broni Kwarteng,gh GHA,"MF,FW",Bochum,26,1998,7,0,172,1.9,0,0,0,0,0,0,1,0,0.2,0.2,0.2,0.4,4,12,16,0.00,0.00,0.00,0.00,0.00,0.10,0.09,0.19,0.10,0.19,Matches
247,239,Nediljko Labrović,hr CRO,GK,Augsburg,24,1999,15,15,1350,15.0,0,0,0,0,0,0,0,0,0.0,0.0,0.0,0.0,0,0,0,0.00,0.00,0.00,0.00,0.00,0.00,0.00,0.00,0.00,0.00,Matches
248,240,Konrad Laimer,at AUT,DF,Bayern Munich,27,1997,29,19,1699,18.9,2,2,4,2,0,0,8,0,2.1,2.1,2.7,4.8,87,141,113,0.11,0.11,0.21,0.11,0.21,0.11,0.14,0.25,0.11,0.25,Matches
249,241,Stefan Lainer,at AUT,DF,Gladbach,31,1992,21,6,757,8.4,1,0,1,1,0,0,2,0,0.3,0.3,1.0,1.3,25,25,32,0.12,0.00,0.12,0.12,0.12,0.04,0.12,0.15,0.04,0.15,Matches
250,242,Hugo Larsson,se SWE,MF,Eint Frankfurt,20,2004,33,28,2393,26.6,3,1,4,3,0,0,2,0,3.1,3.1,2.1,5.2,16,121,33,0.11,0.04,0.15,0.11,0.15,0.12,0.08,0.19,0.12,0.19,Matches
251,243,Diogo Leite,pt POR,DF,Union Berlin,25,1999,30,29,2546,28.3,1,2,3,1,0,0,3,0,1.4,1.4,1.0,2.4,20,116,16,0.04,0.07,0.11,0.04,0.11,0.05,0.04,0.08,0.05,0.08,Matches
252,244,Maxim Leitsch,de GER,DF,Mainz 05,26,1998,14,6,674,7.5,1,0,1,1,0,0,2,0,1.2,1.2,0.2,1.4,4,25,5,0.13,0.00,0.13,0.13,0.13,0.16,0.03,0.19,0.16,0.19,Matches
253,245,Jamie Leweling,de GER,"MF,FW",Stuttgart,23,2001,27,22,1663,18.5,2,2,4,2,0,0,4,0,1.6,1.6,3.8,5.4,55,51,164,0.11,0.11,0.22,0.11,0.22,0.08,0.21,0.29,0.08,0.29,Matches
254,246,Philipp Lienhart,at AUT,DF,Freiburg,28,1996,32,31,2770,30.8,1,0,1,1,0,0,5,0,0.5,0.5,0.8,1.2,44,138,9,0.03,0.00,0.03,0.03,0.03,0.02,0.02,0.04,0.02,0.04,Matches
255,247,Marin Ljubicic,hr CRO,"FW,MF",Union Berlin,22,2002,13,1,281,3.1,1,1,2,1,0,0,1,0,0.4,0.4,0.6,1.1,1,6,19,0.32,0.32,0.64,0.32,0.64,0.14,0.20,0.34,0.14,0.34,Matches
256,248,Anthony Losilla,fr FRA,MF,Bochum,38,1986,21,13,1137,12.6,0,0,0,0,0,0,1,0,0.1,0.1,0.4,0.5,3,45,11,0.00,0.00,0.00,0.00,0.00,0.01,0.03,0.04,0.01,0.04,Matches
257,249,Yannik Lührs,de GER,DF,Dortmund,20,2003,3,1,127,1.4,0,0,0,0,0,0,0,0,0.0,0.0,0.0,0.0,2,1,1,0.00,0.00,0.00,0.00,0.00,0.00,0.03,0.03,0.00,0.03,Matches
258,250,Castello Lukeba,fr FRA,DF,RB Leipzig,21,2002,23,18,1577,17.5,0,0,0,0,0,0,2,0,0.4,0.4,0.2,0.6,18,80,23,0.00,0.00,0.00,0.00,0.00,0.02,0.01,0.04,0.02,0.04,Matches
259,Rk,Player,Nation,Pos,Squad,Age,Born,MP,Starts,Min,90s,Gls,Ast,G+A,G-PK,PK,PKatt,CrdY,CrdR,xG,npxG,xAG,npxG+xAG,PrgC,PrgP,PrgR,Gls,Ast,G+A,G-PK,G+A-PK,xG,xAG,xG+xAG,npxG,npxG+xAG,Matches
260,251,Senne Lynen,be BEL,MF,Werder Bremen,25,1999,32,32,2733,30.4,0,1,1,0,0,0,9,0,1.1,1.1,0.6,1.7,9,91,28,0.00,0.03,0.03,0.00,0.03,0.04,0.02,0.06,0.04,0.06,Matches
261,252,Shuto Machino,jp JPN,"FW,MF",Holstein Kiel,24,1999,32,23,1953,21.7,11,2,13,9,2,2,2,0,6.5,4.9,3.0,7.9,30,59,108,0.51,0.09,0.60,0.41,0.51,0.30,0.14,0.44,0.23,0.36,Matches
262,253,Arne Maier,de GER,MF,Augsburg,25,1999,28,7,938,10.4,0,0,0,0,0,0,0,1,1.5,1.5,1.5,3.0,19,44,56,0.00,0.00,0.00,0.00,0.00,0.15,0.14,0.29,0.15,0.29,Matches
263,254,Patrick Mainka,de GER,DF,Heidenheim,29,1994,34,34,3060,34.0,1,1,2,1,0,0,3,0,1.9,1.9,0.3,2.3,21,102,12,0.03,0.03,0.06,0.03,0.06,0.06,0.01,0.07,0.06,0.07,Matches
264,255,Lovro Majer,hr CRO,MF,Wolfsburg,26,1998,9,3,304,3.4,2,1,3,1,1,1,1,0,1.4,0.6,1.1,1.7,8,17,10,0.59,0.30,0.89,0.30,0.59,0.41,0.31,0.72,0.18,0.49,Matches
265,256,Jordy Makengo,fr FRA,DF,Freiburg,22,2001,19,7,745,8.3,0,0,0,0,0,0,1,0,0.0,0.0,0.2,0.2,9,15,35,0.00,0.00,0.00,0.00,0.00,0.00,0.03,0.03,0.00,0.03,Matches
266,257,Jarzinho Malanga,de GER,DF,Stuttgart,18,2006,1,0,2,0.0,0,0,0,0,0,0,0,0,0.0,0.0,0.0,0.0,0,0,2,0.00,0.00,0.00,0.00,0.00,0.00,0.00,0.00,0.00,0.00,Matches
267,258,Julián Malatini,ar ARG,DF,Werder Bremen,23,2001,10,5,454,5.0,1,1,2,1,0,0,1,0,0.2,0.2,0.5,0.7,8,24,4,0.20,0.20,0.40,0.20,0.40,0.05,0.09,0.14,0.05,0.14,Matches
268,259,Donyell Malen,nl NED,"FW,MF",Dortmund,25,1999,14,6,614,6.8,3,0,3,3,0,0,1,0,2.9,2.9,0.2,3.2,23,17,75,0.44,0.00,0.44,0.44,0.44,0.43,0.03,0.46,0.43,0.46,Matches
269,260,Lennard Maloney,us USA,MF,Heidenheim,24,1999,11,10,760,8.4,0,0,0,0,0,0,1,0,0.3,0.3,0.0,0.4,1,14,0,0.00,0.00,0.00,0.00,0.00,0.04,0.00,0.04,0.04,0.04,Matches
270,261,Lennard Maloney,us USA,MF,Mainz 05,24,1999,5,0,26,0.3,0,0,0,0,0,0,1,0,0.0,0.0,0.0,0.0,1,0,0,0.00,0.00,0.00,0.00,0.00,0.00,0.00,0.00,0.00,0.00,Matches
271,262,Johan Manzambi,ch SUI,"FW,MF",Freiburg,18,2005,11,4,335,3.7,2,1,3,2,0,0,2,0,1.3,1.3,0.4,1.8,7,10,12,0.54,0.27,0.81,0.54,0.81,0.36,0.12,0.47,0.36,0.47,Matches
272,263,Omar Marmoush,eg EGY,FW,Eint Frankfurt,25,1999,17,17,1448,16.1,15,9,24,13,2,2,2,0,8.8,7.3,6.2,13.5,73,50,125,0.93,0.56,1.49,0.81,1.37,0.55,0.39,0.94,0.45,0.84,Matches
273,264,Giorgos Masouras,gr GRE,"FW,MF",Bochum,30,1994,14,12,1055,11.7,2,1,3,2,0,0,1,0,3.9,3.9,1.1,5.0,26,19,82,0.17,0.09,0.26,0.17,0.26,0.33,0.09,0.43,0.33,0.43,Matches
274,265,Erhan Mašović,rs SRB,DF,Bochum,25,1998,16,10,910,10.1,1,1,2,1,0,0,2,0,0.6,0.6,0.9,1.5,1,35,4,0.10,0.10,0.20,0.10,0.20,0.06,0.09,0.15,0.06,0.15,Matches
275,266,Igor Matanovic,hr CRO,FW,Eint Frankfurt,21,2003,16,2,312,3.5,1,0,1,1,0,0,0,0,1.1,1.1,0.0,1.2,2,6,19,0.29,0.00,0.29,0.29,0.29,0.33,0.01,0.34,0.33,0.34,Matches
276,267,Chrislain Matsima,fr FRA,DF,Augsburg,22,2002,30,28,2551,28.3,1,1,2,1,0,0,4,0,1.8,1.8,0.3,2.1,14,84,13,0.04,0.04,0.07,0.04,0.07,0.06,0.01,0.07,0.06,0.07,Matches
277,268,Jean Mattéo Bahoya,fr FRA,"MF,FW",Eint Frankfurt,19,2005,24,10,921,10.2,2,3,5,2,0,0,3,0,1.9,1.9,1.7,3.6,24,28,93,0.20,0.29,0.49,0.20,0.49,0.18,0.17,0.35,0.18,0.35,Matches
278,269,Maurides,br BRA,FW,St. Pauli,30,1994,1,0,2,0.0,0,0,0,0,0,0,0,0,0.0,0.0,0.0,0.0,0,0,0,0.00,0.00,0.00,0.00,0.00,0.00,0.00,0.00,0.00,0.00,Matches
279,270,Keke Maximilian Topp,de GER,"FW,MF",Werder Bremen,20,2004,19,1,252,2.8,2,2,4,2,0,0,1,0,1.0,1.0,2.0,3.0,10,9,27,0.71,0.71,1.43,0.71,1.43,0.35,0.72,1.08,0.35,1.08,Matches
280,271,Jakov Medić,hr CRO,DF,Bochum,25,1998,23,17,1603,17.8,1,0,1,1,0,0,2,0,0.9,0.9,0.2,1.0,2,27,3,0.06,0.00,0.06,0.06,0.06,0.05,0.01,0.06,0.05,0.06,Matches
281,272,Connor Metcalfe,au AUS,"MF,FW",St. Pauli,24,1999,10,3,358,4.0,0,0,0,0,0,0,2,1,0.7,0.7,0.2,0.9,6,8,11,0.00,0.00,0.00,0.00,0.00,0.18,0.04,0.22,0.18,0.22,Matches
282,273,Karol Mets,ee EST,DF,St. Pauli,31,1993,10,10,900,10.0,0,0,0,0,0,0,1,0,0.1,0.1,0.2,0.3,5,54,2,0.00,0.00,0.00,0.00,0.00,0.01,0.02,0.03,0.01,0.03,Matches
283,274,Alexander Meyer,de GER,GK,Dortmund,33,1991,2,2,180,2.0,0,0,0,0,0,0,0,0,0.0,0.0,0.1,0.1,0,0,0,0.00,0.00,0.00,0.00,0.00,0.00,0.06,0.06,0.00,0.06,Matches
284,275,Florian Micheler,at AUT,MF,Hoffenheim,19,2005,1,0,32,0.4,0,0,0,0,0,0,1,0,0.0,0.0,0.0,0.0,1,1,1,0.00,0.00,0.00,0.00,0.00,0.00,0.00,0.00,0.00,0.00,Matches
285,Rk,Player,Nation,Pos,Squad,Age,Born,MP,Starts,Min,90s,Gls,Ast,G+A,G-PK,PK,PKatt,CrdY,CrdR,xG,npxG,xAG,npxG+xAG,PrgC,PrgP,PrgR,Gls,Ast,G+A,G-PK,G+A-PK,xG,xAG,xG+xAG,npxG,npxG+xAG,Matches
286,276,Enzo Millot,fr FRA,"MF,FW",Stuttgart,22,2002,29,22,1843,20.5,6,5,11,6,0,1,9,0,7.6,6.7,3.1,9.8,44,118,123,0.29,0.24,0.54,0.29,0.54,0.37,0.15,0.52,0.33,0.48,Matches
287,277,Kim Min-jae,kr KOR,DF,Bayern Munich,27,1996,27,27,2283,25.4,2,0,2,2,0,0,2,0,1.6,1.6,0.3,1.9,16,181,5,0.08,0.00,0.08,0.08,0.08,0.06,0.01,0.08,0.06,0.08,Matches
288,278,Maximilian Mittelstädt,de GER,DF,Stuttgart,27,1997,31,28,2469,27.4,1,7,8,1,0,0,5,0,0.9,0.9,4.7,5.6,62,182,155,0.04,0.26,0.29,0.04,0.29,0.03,0.17,0.20,0.03,0.20,Matches
289,279,Koji Miyoshi,jp JPN,"FW,MF",Bochum,27,1997,15,6,464,5.2,1,0,1,1,0,0,0,1,1.1,1.1,0.8,1.9,11,15,23,0.19,0.00,0.19,0.19,0.19,0.21,0.15,0.36,0.21,0.36,Matches
290,280,Max Moerstedt,de GER,FW,Hoffenheim,,,12,5,451,5.0,0,0,0,0,0,0,2,0,0.8,0.8,0.6,1.3,6,10,36,0.00,0.00,0.00,0.00,0.00,0.15,0.12,0.27,0.15,0.27,Matches
291,281,David Mokwa,fr FRA,"DF,FW",Hoffenheim,20,2004,2,0,22,0.2,0,0,0,0,0,0,0,0,0.3,0.3,0.0,0.3,0,0,0,0.00,0.00,0.00,0.00,0.00,1.21,0.00,1.21,1.21,1.21,Matches
292,282,Steve Mounié,bj BEN,"FW,MF",Augsburg,29,1994,16,1,347,3.9,1,0,1,1,0,0,2,0,3.2,3.2,0.0,3.2,8,11,27,0.26,0.00,0.26,0.26,0.26,0.82,0.01,0.83,0.82,0.83,Matches
293,283,Nordi Mukiele,fr FRA,DF,Leverkusen,26,1997,15,10,899,10.0,1,0,1,1,0,0,4,0,1.4,1.4,1.0,2.4,20,36,28,0.10,0.00,0.10,0.10,0.10,0.14,0.10,0.24,0.14,0.24,Matches
294,284,Florian Müller,de GER,GK,Freiburg,26,1997,9,8,753,8.4,0,0,0,0,0,0,0,0,0.0,0.0,0.0,0.0,0,0,0,0.00,0.00,0.00,0.00,0.00,0.00,0.00,0.00,0.00,0.00,Matches
295,285,Kevin Müller,de GER,GK,Heidenheim,33,1991,33,33,2939,32.7,0,0,0,0,0,0,0,0,0.0,0.0,0.0,0.0,0,1,0,0.00,0.00,0.00,0.00,0.00,0.00,0.00,0.00,0.00,0.00,Matches
296,286,Marius Müller,de GER,GK,Wolfsburg,31,1993,6,5,475,5.3,0,0,0,0,0,0,0,0,0.0,0.0,0.0,0.0,0,0,0,0.00,0.00,0.00,0.00,0.00,0.00,0.00,0.00,0.00,0.00,Matches
297,287,Thomas Müller,de GER,"MF,FW",Bayern Munich,34,1989,30,12,1225,13.6,1,4,5,1,0,0,3,0,3.8,3.8,2.9,6.7,24,50,143,0.07,0.29,0.37,0.07,0.37,0.28,0.21,0.49,0.28,0.49,Matches
298,288,Jamal Musiala,de GER,MF,Bayern Munich,21,2003,25,21,1798,20.0,12,2,14,12,0,0,3,0,9.3,9.3,4.5,13.8,71,107,156,0.60,0.10,0.70,0.60,0.70,0.46,0.23,0.69,0.46,0.69,Matches
299,289,Florent Muslija,xk KVX,"FW,MF",Freiburg,26,1998,9,0,168,1.9,0,0,0,0,0,0,0,0,0.3,0.3,0.3,0.6,5,7,14,0.00,0.00,0.00,0.00,0.00,0.14,0.16,0.30,0.14,0.30,Matches
300,290,Phillipp Mwene,at AUT,DF,Mainz 05,30,1994,32,32,2607,29.0,1,4,5,1,0,0,7,0,1.5,1.5,1.9,3.4,62,106,144,0.03,0.14,0.17,0.03,0.17,0.05,0.06,0.12,0.05,0.12,Matches
301,291,Joakim Mæhle,dk DEN,DF,Wolfsburg,27,1997,28,25,2188,24.3,3,4,7,3,0,0,6,0,2.0,2.0,2.2,4.3,59,88,117,0.12,0.16,0.29,0.12,0.29,0.08,0.09,0.18,0.08,0.18,Matches
302,292,Nathan N'Goumou,cm CMR,FW,Gladbach,24,2000,19,9,828,9.2,2,1,3,2,0,0,0,0,1.9,1.9,1.3,3.2,30,16,85,0.22,0.11,0.33,0.22,0.33,0.20,0.14,0.34,0.20,0.34,Matches
303,293,Stanley N'Soki,fr FRA,DF,Hoffenheim,25,1999,22,16,1308,14.5,0,0,0,0,0,0,3,1,0.1,0.1,0.4,0.5,10,52,6,0.00,0.00,0.00,0.00,0.00,0.01,0.03,0.03,0.01,0.03,Matches
304,294,Nikolas Nartey,dk DEN,MF,Stuttgart,24,2000,1,0,22,0.2,0,0,0,0,0,0,0,0,0.0,0.0,0.0,0.0,0,0,0,0.00,0.00,0.00,0.00,0.00,0.00,0.00,0.00,0.00,0.00,Matches
305,295,Paul Nebel,de GER,MF,Mainz 05,21,2002,31,26,2345,26.1,10,4,14,10,0,0,5,1,5.8,5.8,4.1,9.8,67,91,219,0.38,0.15,0.54,0.38,0.54,0.22,0.16,0.38,0.22,0.38,Matches
306,296,Kosta Nedeljković,rs SRB,DF,RB Leipzig,18,2005,10,6,479,5.3,0,0,0,0,0,0,1,0,0.5,0.5,0.3,0.7,10,16,27,0.00,0.00,0.00,0.00,0.00,0.09,0.05,0.14,0.09,0.14,Matches
307,297,Ivan Nekić,hr CRO,DF,Holstein Kiel,23,2000,1,1,71,0.8,0,0,0,0,0,0,0,0,0.0,0.0,0.0,0.0,0,2,0,0.00,0.00,0.00,0.00,0.00,0.00,0.00,0.00,0.00,0.00,Matches
308,298,David Nemeth,at AUT,DF,St. Pauli,23,2001,24,24,2137,23.7,0,1,1,0,0,0,3,0,0.2,0.2,0.1,0.3,14,65,5,0.00,0.04,0.04,0.00,0.04,0.01,0.01,0.01,0.01,0.01,Matches
309,299,Luca Netz,de GER,DF,Gladbach,21,2003,24,8,969,10.8,0,2,2,0,0,0,2,0,0.2,0.2,1.9,2.1,16,28,55,0.00,0.19,0.19,0.00,0.19,0.02,0.18,0.20,0.02,0.20,Matches
310,300,Manuel Neuer,de GER,GK,Bayern Munich,38,1986,22,22,1980,22.0,0,0,0,0,0,0,0,0,0.0,0.0,0.5,0.5,0,10,0,0.00,0.00,0.00,0.00,0.00,0.00,0.02,0.02,0.00,0.02,Matches
311,Rk,Player,Nation,Pos,Squad,Age,Born,MP,Starts,Min,90s,Gls,Ast,G+A,G-PK,PK,PKatt,CrdY,CrdR,xG,npxG,xAG,npxG+xAG,PrgC,PrgP,PrgR,Gls,Ast,G+A,G-PK,G+A-PK,xG,xAG,xG+xAG,npxG,npxG+xAG,Matches
312,301,Florian Neuhaus,de GER,MF,Gladbach,27,1997,18,2,382,4.2,0,1,1,0,0,0,1,0,0.6,0.6,0.3,0.9,10,27,8,0.00,0.24,0.24,0.00,0.24,0.14,0.08,0.22,0.14,0.22,Matches
313,302,Moritz Nicolas,de GER,GK,Gladbach,26,1997,19,19,1639,18.2,0,0,0,0,0,0,0,0,0.0,0.0,0.0,0.0,0,0,0,0.00,0.00,0.00,0.00,0.00,0.00,0.00,0.00,0.00,0.00,Matches
314,303,Julian Niehues,de GER,MF,Heidenheim,23,2001,8,0,154,1.7,0,0,0,0,0,0,1,0,0.2,0.2,0.1,0.4,0,6,3,0.00,0.00,0.00,0.00,0.00,0.15,0.08,0.22,0.15,0.22,Matches
315,304,Justin Njinmah,de GER,"FW,MF",Werder Bremen,23,2000,26,10,952,10.6,3,2,5,3,0,0,1,0,3.7,3.7,1.6,5.2,33,23,103,0.28,0.19,0.47,0.28,0.47,0.35,0.15,0.49,0.35,0.49,Matches
316,305,Niels Nkounkou,fr FRA,"DF,MF",Eint Frankfurt,23,2000,12,4,382,4.2,0,0,0,0,0,0,1,0,0.2,0.2,1.3,1.5,17,15,21,0.00,0.00,0.00,0.00,0.00,0.04,0.31,0.35,0.04,0.35,Matches
317,306,Felix Nmecha,de GER,MF,Dortmund,23,2000,26,19,1509,16.8,4,1,5,4,0,0,3,0,1.3,1.3,1.1,2.4,21,85,27,0.24,0.06,0.30,0.24,0.30,0.08,0.07,0.15,0.08,0.15,Matches
318,307,Lukas Nmecha,de GER,"FW,MF",Wolfsburg,25,1998,19,3,467,5.2,3,0,3,3,0,0,1,0,4.5,4.5,0.3,4.8,8,6,32,0.58,0.00,0.58,0.58,0.58,0.87,0.05,0.92,0.87,0.92,Matches
319,308,Arnaud Nordin,fr FRA,"DF,MF",Mainz 05,26,1998,6,0,80,0.9,0,0,0,0,0,0,0,0,0.0,0.0,0.5,0.5,3,1,15,0.00,0.00,0.00,0.00,0.00,0.03,0.51,0.54,0.03,0.54,Matches
320,309,Alexander Nübel,de GER,GK,Stuttgart,27,1996,34,34,3060,34.0,0,1,1,0,0,0,0,0,0.0,0.0,0.3,0.3,0,0,0,0.00,0.03,0.03,0.00,0.03,0.00,0.01,0.01,0.00,0.01,Matches
321,310,Antonio Nusa,no NOR,"MF,DF",RB Leipzig,19,2005,25,16,1558,17.3,3,3,6,3,0,0,0,0,1.6,1.6,2.8,4.4,57,52,123,0.17,0.17,0.35,0.17,0.35,0.09,0.16,0.26,0.09,0.26,Matches
322,311,David Odogu,de GER,DF,Wolfsburg,18,2006,3,2,195,2.2,0,0,0,0,0,0,0,0,0.2,0.2,0.0,0.2,1,8,0,0.00,0.00,0.00,0.00,0.00,0.10,0.00,0.10,0.10,0.10,Matches
323,312,Tim Oermann,de GER,DF,Bochum,20,2003,29,26,2213,24.6,0,2,2,0,0,0,0,0,0.2,0.2,0.6,0.8,15,61,16,0.00,0.08,0.08,0.00,0.08,0.01,0.02,0.03,0.01,0.03,Matches
324,313,Ifechukwu Ogbus,ch SUI,DF,Freiburg,18,2005,2,0,19,0.2,0,0,0,0,0,0,0,0,0.0,0.0,0.0,0.0,0,0,0,0.00,0.00,0.00,0.00,0.00,0.00,0.00,0.00,0.00,0.00,Matches
325,314,Finn Ole Becker,de GER,MF,Hoffenheim,24,2000,13,7,670,7.4,0,1,1,0,0,0,1,0,0.1,0.1,0.3,0.4,3,45,7,0.00,0.13,0.13,0.00,0.13,0.02,0.04,0.05,0.02,0.05,Matches
326,315,Michael Olise,fr FRA,"FW,MF",Bayern Munich,22,2001,34,28,2334,25.9,12,15,27,12,0,0,3,0,9.7,9.7,12.0,21.7,119,184,381,0.46,0.58,1.04,0.46,1.04,0.38,0.46,0.84,0.38,0.84,Matches
327,316,Jonas Omlin,ch SUI,GK,Gladbach,30,1994,12,11,978,10.9,0,0,0,0,0,0,0,1,0.0,0.0,0.0,0.0,0,0,0,0.00,0.00,0.00,0.00,0.00,0.00,0.00,0.00,0.00,0.00,Matches
328,317,Karim Onisiwo,at AUT,"MF,FW",Mainz 05,32,1992,6,1,110,1.2,0,0,0,0,0,0,0,0,0.1,0.1,0.3,0.4,1,0,8,0.00,0.00,0.00,0.00,0.00,0.06,0.27,0.33,0.06,0.33,Matches
329,318,Frank Onyeka,ng NGA,MF,Augsburg,26,1998,31,30,2586,28.7,0,1,1,0,0,0,8,0,1.4,1.4,1.3,2.7,46,106,71,0.00,0.03,0.03,0.00,0.03,0.05,0.04,0.09,0.05,0.09,Matches
330,319,Loïs Openda,be BEL,"FW,MF",RB Leipzig,24,2000,33,28,2453,27.3,9,5,14,9,0,1,5,1,9.0,8.2,3.4,11.6,58,47,229,0.33,0.18,0.51,0.33,0.51,0.33,0.12,0.45,0.30,0.43,Matches
331,320,Gift Orban,ng NGA,FW,Hoffenheim,22,2002,13,7,687,7.6,4,0,4,4,0,0,2,0,3.4,3.4,0.2,3.6,8,7,35,0.52,0.00,0.52,0.52,0.52,0.44,0.03,0.47,0.44,0.47,Matches
332,321,Willi Orban,hu HUN,DF,RB Leipzig,31,1992,25,25,2222,24.7,5,0,5,5,0,0,4,2,4.0,4.0,1.0,5.0,15,106,8,0.20,0.00,0.20,0.20,0.20,0.16,0.04,0.20,0.16,0.20,Matches
333,322,Ivan Ordets,ua UKR,DF,Bochum,32,1992,22,21,1861,20.7,0,0,0,0,0,0,6,0,0.7,0.7,0.7,1.5,2,48,4,0.00,0.00,0.00,0.00,0.00,0.04,0.04,0.07,0.04,0.07,Matches
334,323,Patrick Osterhage,de GER,MF,Freiburg,24,2000,30,27,2267,25.2,1,0,1,1,0,0,6,1,1.7,1.7,1.4,3.1,26,73,50,0.04,0.00,0.04,0.04,0.04,0.07,0.06,0.12,0.07,0.12,Matches
335,324,Assan Ouedraogo,de GER,MF,RB Leipzig,18,2006,3,0,50,0.6,0,0,0,0,0,0,0,0,0.1,0.1,0.0,0.1,2,1,2,0.00,0.00,0.00,0.00,0.00,0.11,0.00,0.11,0.11,0.11,Matches
336,325,Salih Özcan,tr TUR,MF,Wolfsburg,26,1998,11,3,353,3.9,0,0,0,0,0,0,0,0,0.1,0.1,0.8,0.9,6,22,5,0.00,0.00,0.00,0.00,0.00,0.03,0.20,0.23,0.03,0.23,Matches
337,Rk,Player,Nation,Pos,Squad,Age,Born,MP,Starts,Min,90s,Gls,Ast,G+A,G-PK,PK,PKatt,CrdY,CrdR,xG,npxG,xAG,npxG+xAG,PrgC,PrgP,PrgR,Gls,Ast,G+A,G-PK,G+A-PK,xG,xAG,xG+xAG,npxG,npxG+xAG,Matches
338,326,Salih Özcan,tr TUR,MF,Dortmund,26,1998,11,3,391,4.3,0,0,0,0,0,0,0,0,0.3,0.3,0.4,0.7,4,31,4,0.00,0.00,0.00,0.00,0.00,0.08,0.09,0.17,0.08,0.17,Matches
339,327,Exequiel Palacios,ar ARG,MF,Leverkusen,25,1998,24,11,1155,12.8,1,6,7,1,0,0,2,0,1.5,1.5,2.3,3.8,15,97,40,0.08,0.47,0.55,0.08,0.55,0.12,0.18,0.30,0.12,0.30,Matches
340,328,João Palhinha,pt POR,MF,Bayern Munich,29,1995,17,6,673,7.5,0,0,0,0,0,0,2,1,0.7,0.7,0.2,0.9,3,32,7,0.00,0.00,0.00,0.00,0.00,0.09,0.03,0.12,0.09,0.12,Matches
341,329,Mats Pannewig,de GER,MF,Bochum,19,2004,14,2,267,3.0,0,0,0,0,0,0,1,0,0.8,0.8,0.1,0.9,3,10,16,0.00,0.00,0.00,0.00,0.00,0.27,0.04,0.31,0.27,0.31,Matches
342,330,Kevin Paredes,us USA,DF,Wolfsburg,21,2003,2,2,123,1.4,0,1,1,0,0,0,1,0,0.4,0.4,0.1,0.4,1,7,12,0.00,0.73,0.73,0.00,0.73,0.27,0.05,0.32,0.27,0.32,Matches
343,331,Felix Passlack,de GER,"DF,MF",Bochum,26,1998,31,30,2334,25.9,1,6,7,1,0,0,4,0,1.3,1.3,3.9,5.2,43,65,118,0.04,0.23,0.27,0.04,0.27,0.05,0.15,0.20,0.05,0.20,Matches
344,332,Aleksandar Pavlovic,de GER,MF,Bayern Munich,20,2004,21,18,1451,16.1,1,0,1,1,0,0,2,0,0.6,0.6,0.2,0.8,15,128,33,0.06,0.00,0.06,0.06,0.06,0.03,0.01,0.05,0.03,0.05,Matches
345,333,Mads Pedersen,dk DEN,DF,Augsburg,27,1996,7,2,235,2.6,0,0,0,0,0,0,0,0,0.1,0.1,0.0,0.1,1,11,10,0.00,0.00,0.00,0.00,0.00,0.03,0.00,0.03,0.03,0.03,Matches
346,334,Jordan Pefok,us USA,FW,Union Berlin,28,1996,18,10,908,10.1,0,1,1,0,0,0,2,0,3.2,3.2,0.9,4.1,3,12,40,0.00,0.10,0.10,0.00,0.10,0.32,0.09,0.40,0.32,0.40,Matches
347,335,Daniel Peretz,il ISR,GK,Bayern Munich,24,2000,3,3,270,3.0,0,0,0,0,0,0,1,0,0.0,0.0,0.0,0.0,0,1,0,0.00,0.00,0.00,0.00,0.00,0.00,0.00,0.00,0.00,0.00,Matches
348,336,Noah Pesch,hr CRO,FW,Gladbach,19,2005,1,0,6,0.1,0,0,0,0,0,0,0,0,0.0,0.0,0.0,0.0,0,1,1,0.00,0.00,0.00,0.00,0.00,0.00,0.00,0.00,0.00,0.00,Matches
349,337,Luca Philipp,de GER,GK,Hoffenheim,23,2000,6,6,540,6.0,0,0,0,0,0,0,0,0,0.0,0.0,0.0,0.0,0,0,0,0.00,0.00,0.00,0.00,0.00,0.00,0.00,0.00,0.00,0.00,Matches
350,338,Maximilian Philipp,de GER,"MF,FW",Freiburg,30,1994,2,0,17,0.2,0,0,0,0,0,0,0,0,0.0,0.0,0.0,0.0,0,0,0,0.00,0.00,0.00,0.00,0.00,0.22,0.00,0.22,0.22,0.22,Matches
351,339,Benedikt Pichler,at AUT,FW,Holstein Kiel,27,1997,18,7,785,8.7,1,2,3,1,0,0,1,0,2.3,2.3,1.1,3.4,18,19,58,0.11,0.23,0.34,0.11,0.34,0.26,0.13,0.39,0.26,0.39,Matches
352,340,Amos Pieper,de GER,DF,Werder Bremen,26,1998,23,16,1498,16.6,0,0,0,0,0,0,3,0,0.4,0.4,0.6,1.0,11,62,3,0.00,0.00,0.00,0.00,0.00,0.03,0.04,0.06,0.03,0.06,Matches
353,341,Marvin Pieringer,de GER,"FW,MF",Heidenheim,24,1999,31,26,2206,24.5,7,4,11,4,3,3,7,0,8.9,6.6,4.0,10.6,23,59,115,0.29,0.16,0.45,0.16,0.33,0.36,0.16,0.53,0.27,0.43,Matches
354,342,Alassane Pléa,fr FRA,"MF,FW",Gladbach,31,1993,30,24,1902,21.1,11,4,15,10,1,1,3,0,7.4,6.6,3.1,9.8,51,116,141,0.52,0.19,0.71,0.47,0.66,0.35,0.15,0.50,0.31,0.46,Matches
355,343,Finn Porath,de GER,"DF,MF",Holstein Kiel,27,1997,31,20,1970,21.9,2,3,5,2,0,0,3,0,1.9,1.8,2.0,3.8,42,58,69,0.09,0.14,0.23,0.09,0.23,0.09,0.09,0.18,0.08,0.18,Matches
356,344,Yussuf Poulsen,dk DEN,"FW,MF",RB Leipzig,30,1994,22,2,378,4.2,2,0,2,2,0,0,1,0,3.3,3.3,0.6,3.9,2,12,30,0.48,0.00,0.48,0.48,0.48,0.80,0.13,0.93,0.80,0.93,Matches
357,345,Alexander Prass,at AUT,DF,Hoffenheim,23,2001,23,19,1566,17.4,0,1,1,0,0,0,1,0,0.9,0.9,2.8,3.6,28,63,66,0.00,0.06,0.06,0.00,0.06,0.05,0.16,0.21,0.05,0.21,Matches
358,346,David Preu,de GER,"MF,DF",Union Berlin,19,2004,5,1,121,1.3,0,0,0,0,0,0,1,0,0.1,0.1,0.0,0.1,1,3,9,0.00,0.00,0.00,0.00,0.00,0.10,0.00,0.10,0.10,0.10,Matches
359,347,Grischa Prömel,de GER,MF,Hoffenheim,29,1995,2,2,174,1.9,0,0,0,0,0,0,0,0,0.0,0.0,0.0,0.0,2,5,3,0.00,0.00,0.00,0.00,0.00,0.00,0.00,0.00,0.00,0.00,Matches
360,348,Ivan Prtajin,hr CRO,FW,Union Berlin,28,1996,5,2,161,1.8,0,0,0,0,0,0,0,0,0.5,0.5,0.1,0.7,1,1,17,0.00,0.00,0.00,0.00,0.00,0.29,0.08,0.37,0.29,0.37,Matches
361,349,Tymoteusz Puchacz,pl POL,DF,Holstein Kiel,25,1999,10,5,396,4.4,0,1,1,0,0,0,0,0,0.1,0.1,0.6,0.7,13,8,30,0.00,0.23,0.23,0.00,0.23,0.02,0.14,0.16,0.02,0.16,Matches
362,350,Leopold Querfeld,at AUT,DF,Union Berlin,20,2003,27,17,1747,19.4,2,2,4,2,0,0,8,0,1.1,1.1,1.0,2.2,3,49,5,0.10,0.10,0.21,0.10,0.21,0.06,0.05,0.11,0.06,0.11,Matches
363,Rk,Player,Nation,Pos,Squad,Age,Born,MP,Starts,Min,90s,Gls,Ast,G+A,G-PK,PK,PKatt,CrdY,CrdR,xG,npxG,xAG,npxG+xAG,PrgC,PrgP,PrgR,Gls,Ast,G+A,G-PK,G+A-PK,xG,xAG,xG+xAG,npxG,npxG+xAG,Matches
364,351,Grant Ranos,am ARM,FW,Gladbach,21,2003,2,0,20,0.2,0,0,0,0,0,0,1,0,0.0,0.0,0.0,0.0,1,1,2,0.00,0.00,0.00,0.00,0.00,0.00,0.00,0.00,0.00,0.00,Matches
365,352,David Raum,de GER,DF,RB Leipzig,26,1998,22,21,1783,19.8,1,5,6,1,0,0,5,0,0.5,0.5,6.5,6.9,36,71,127,0.05,0.25,0.30,0.05,0.30,0.02,0.33,0.35,0.02,0.35,Matches
366,353,Rocco Reitz,de GER,MF,Gladbach,22,2002,27,21,1830,20.3,2,1,3,2,0,0,1,0,1.7,1.7,2.1,3.8,18,91,30,0.10,0.05,0.15,0.10,0.15,0.08,0.10,0.19,0.08,0.19,Matches
367,354,Nicolai Remberg,de GER,MF,Holstein Kiel,24,2000,32,26,2417,26.9,0,1,1,0,0,0,11,0,1.5,1.5,0.8,2.3,25,80,31,0.00,0.04,0.04,0.00,0.04,0.06,0.03,0.09,0.06,0.09,Matches
368,355,Elvis Rexhbeçaj,xk KVX,MF,Augsburg,26,1997,27,22,1785,19.8,1,1,2,1,0,0,8,0,1.4,1.4,1.1,2.5,31,94,82,0.05,0.05,0.10,0.05,0.10,0.07,0.05,0.13,0.07,0.13,Matches
369,356,Gio Reyna,us USA,MF,Dortmund,21,2002,16,3,350,3.9,2,0,2,2,0,0,3,0,0.2,0.2,0.2,0.4,5,22,19,0.51,0.00,0.51,0.51,0.51,0.04,0.06,0.10,0.04,0.10,Matches
370,357,Fabian Rieder,ch SUI,"MF,FW",Stuttgart,22,2002,21,8,867,9.6,1,3,4,1,0,0,1,0,1.4,1.4,2.0,3.4,20,38,61,0.10,0.31,0.42,0.10,0.42,0.14,0.21,0.35,0.14,0.35,Matches
371,358,Lasse Rieß,de GER,GK,Mainz 05,23,2001,2,2,180,2.0,0,0,0,0,0,0,0,0,0.0,0.0,0.0,0.0,0,0,0,0.00,0.00,0.00,0.00,0.00,0.00,0.00,0.00,0.00,0.00,Matches
372,359,Lars Ritzka,de GER,"DF,MF",St. Pauli,26,1998,21,11,922,10.2,1,0,1,1,0,0,1,0,0.4,0.4,0.2,0.6,8,21,34,0.10,0.00,0.10,0.10,0.10,0.04,0.02,0.06,0.04,0.06,Matches
373,360,Mads Roerslev,dk DEN,DF,Wolfsburg,25,1999,7,2,298,3.3,0,0,0,0,0,0,0,0,0.0,0.0,0.0,0.0,7,13,18,0.00,0.00,0.00,0.00,0.00,0.00,0.01,0.01,0.00,0.01,Matches
374,361,Merlin Röhl,de GER,"MF,FW",Freiburg,22,2002,19,11,965,10.7,0,1,1,0,0,0,2,0,0.8,0.8,1.7,2.5,20,22,60,0.00,0.09,0.09,0.00,0.09,0.07,0.16,0.23,0.07,0.23,Matches
375,362,Lasse Rosenboom,de GER,DF,Holstein Kiel,22,2002,26,21,1734,19.3,2,2,4,2,0,0,3,0,1.9,1.9,1.1,3.0,19,34,50,0.10,0.10,0.21,0.10,0.21,0.10,0.06,0.16,0.10,0.16,Matches
376,363,Max Rosenfelder,de GER,DF,Freiburg,21,2003,25,13,1249,13.9,1,0,1,1,0,0,2,0,0.4,0.4,0.7,1.0,24,29,18,0.07,0.00,0.07,0.07,0.07,0.03,0.05,0.08,0.03,0.08,Matches
377,364,Tom Rothe,de GER,"DF,MF",Union Berlin,19,2004,26,19,1670,18.6,3,3,6,3,0,0,4,1,1.8,1.8,1.3,3.1,25,50,91,0.16,0.16,0.32,0.16,0.32,0.10,0.07,0.17,0.10,0.17,Matches
378,365,Anthony Rouault,fr FRA,DF,Stuttgart,23,2001,18,14,1212,13.5,1,0,1,1,0,0,1,0,0.5,0.5,0.3,0.8,6,52,4,0.07,0.00,0.07,0.07,0.07,0.04,0.02,0.06,0.04,0.06,Matches
379,366,Jérôme Roussillon,fr FRA,"DF,MF",Union Berlin,31,1993,7,1,136,1.5,0,0,0,0,0,0,0,0,0.1,0.1,0.0,0.1,2,11,7,0.00,0.00,0.00,0.00,0.00,0.06,0.00,0.06,0.06,0.06,Matches
380,367,Julian Ryerson,no NOR,DF,Dortmund,26,1997,29,27,2259,25.1,2,3,5,2,0,0,6,1,0.7,0.7,4.5,5.2,66,92,136,0.08,0.12,0.20,0.08,0.20,0.03,0.18,0.21,0.03,0.21,Matches
381,368,Frederik Rønnow,dk DEN,GK,Union Berlin,31,1992,28,28,2520,28.0,0,0,0,0,0,0,2,0,0.1,0.1,0.0,0.1,0,1,0,0.00,0.00,0.00,0.00,0.00,0.00,0.00,0.00,0.00,0.00,Matches
382,369,Elias Saad,tn TUN,"FW,MF",St. Pauli,24,1999,18,10,900,10.0,3,2,5,3,0,0,1,0,2.8,2.8,0.8,3.6,29,27,76,0.30,0.20,0.50,0.30,0.50,0.28,0.08,0.36,0.28,0.36,Matches
383,370,Marcel Sabitzer,at AUT,MF,Dortmund,30,1994,26,18,1616,18.0,1,0,1,1,0,0,3,0,1.8,1.8,1.6,3.3,24,97,70,0.06,0.00,0.06,0.06,0.06,0.10,0.09,0.19,0.10,0.19,Matches
384,371,Faik Sakar,de GER,MF,RB Leipzig,16,2008,1,0,1,0.0,0,0,0,0,0,0,0,0,0.0,0.0,0.0,0.0,0,0,0,0.00,0.00,0.00,0.00,0.00,0.00,0.00,0.00,0.00,0.00,Matches
385,372,Manolis Saliakas,gr GRE,"MF,DF",St. Pauli,27,1996,30,26,2314,25.7,2,1,3,2,0,0,4,0,1.5,1.5,2.6,4.1,28,93,80,0.08,0.04,0.12,0.08,0.12,0.06,0.10,0.16,0.06,0.16,Matches
386,373,Roland Sallai,hu HUN,"FW,MF",Freiburg,27,1997,2,0,46,0.5,0,0,0,0,0,0,0,0,0.1,0.1,0.1,0.2,4,3,2,0.00,0.00,0.00,0.00,0.00,0.25,0.16,0.41,0.25,0.41,Matches
387,374,Diadie Samassékou,ml MLI,MF,Hoffenheim,28,1996,8,6,290,3.2,0,0,0,0,0,0,0,0,0.1,0.1,0.0,0.1,3,11,2,0.00,0.00,0.00,0.00,0.00,0.02,0.00,0.02,0.02,0.02,Matches
388,375,Philipp Sander,de GER,MF,Gladbach,26,1998,27,16,1400,15.6,1,0,1,1,0,0,2,0,1.2,1.2,0.6,1.8,16,60,29,0.06,0.00,0.06,0.06,0.06,0.08,0.04,0.12,0.08,0.12,Matches
389,Rk,Player,Nation,Pos,Squad,Age,Born,MP,Starts,Min,90s,Gls,Ast,G+A,G-PK,PK,PKatt,CrdY,CrdR,xG,npxG,xAG,npxG+xAG,PrgC,PrgP,PrgR,Gls,Ast,G+A,G-PK,G+A-PK,xG,xAG,xG+xAG,npxG,npxG+xAG,Matches
390,376,James Sands,us USA,"MF,DF",St. Pauli,24,2000,7,5,453,5.0,0,0,0,0,0,0,1,0,0.1,0.1,0.0,0.1,0,16,6,0.00,0.00,0.00,0.00,0.00,0.01,0.00,0.01,0.01,0.01,Matches
391,377,Leroy Sané,de GER,FW,Bayern Munich,28,1996,30,17,1637,18.2,11,5,16,11,0,0,2,0,10.2,10.2,5.5,15.8,75,64,266,0.60,0.27,0.88,0.60,0.88,0.56,0.30,0.87,0.56,0.87,Matches
392,378,Kaishu Sano,jp JPN,MF,Mainz 05,23,2000,34,34,3043,33.8,0,0,0,0,0,0,3,0,0.9,0.9,1.2,2.1,53,159,46,0.00,0.00,0.00,0.00,0.00,0.03,0.04,0.06,0.03,0.06,Matches
393,379,Kauã Santos,br BRA,GK,Eint Frankfurt,21,2003,9,8,765,8.5,0,0,0,0,0,0,0,0,0.0,0.0,0.0,0.0,0,1,0,0.00,0.00,0.00,0.00,0.00,0.00,0.00,0.00,0.00,0.00,Matches
394,380,Joe Scally,us USA,DF,Gladbach,21,2002,32,30,2578,28.6,0,0,0,0,0,0,6,0,0.4,0.4,1.1,1.5,52,68,69,0.00,0.00,0.00,0.00,0.00,0.01,0.04,0.05,0.01,0.05,Matches
395,381,András Schäfer,hu HUN,MF,Union Berlin,25,1999,26,17,1534,17.0,1,1,2,1,0,0,3,0,0.6,0.6,0.9,1.5,23,55,42,0.06,0.06,0.12,0.06,0.12,0.04,0.05,0.09,0.04,0.09,Matches
396,382,Patrik Schick,cz CZE,FW,Leverkusen,28,1996,31,19,1684,18.7,21,0,21,20,1,1,4,0,12.7,11.9,0.6,12.5,7,21,107,1.12,0.00,1.12,1.07,1.07,0.68,0.03,0.71,0.63,0.67,Matches
397,383,Stefan Schimmer,de GER,"FW,MF",Heidenheim,30,1994,13,0,247,2.7,0,0,0,0,0,0,1,0,1.1,1.1,0.3,1.3,0,3,15,0.00,0.00,0.00,0.00,0.00,0.39,0.09,0.48,0.39,0.48,Matches
398,384,Xaver Schlager,at AUT,MF,RB Leipzig,26,1997,4,2,181,2.0,0,0,0,0,0,0,1,0,0.1,0.1,0.7,0.8,5,6,2,0.00,0.00,0.00,0.00,0.00,0.03,0.35,0.38,0.03,0.38,Matches
399,385,Keven Schlotterbeck,de GER,DF,Augsburg,27,1997,18,15,1297,14.4,3,1,4,3,0,0,4,1,0.8,0.8,0.6,1.4,3,59,2,0.21,0.07,0.28,0.21,0.28,0.05,0.04,0.10,0.05,0.10,Matches
400,386,Nico Schlotterbeck,de GER,DF,Dortmund,24,1999,23,23,1982,22.0,0,4,4,0,0,0,7,2,1.3,1.3,2.1,3.4,37,195,14,0.00,0.18,0.18,0.00,0.18,0.06,0.09,0.15,0.06,0.15,Matches
401,387,Romano Schmid,at AUT,MF,Werder Bremen,24,2000,32,32,2834,31.5,5,4,9,4,1,1,4,0,4.3,3.5,6.2,9.7,107,279,201,0.16,0.13,0.29,0.13,0.25,0.14,0.20,0.33,0.11,0.31,Matches
402,388,Jan Schöppner,de GER,MF,Heidenheim,25,1999,33,32,2681,29.8,4,3,7,4,0,0,8,0,3.9,3.9,3.4,7.3,35,107,48,0.13,0.10,0.23,0.13,0.23,0.13,0.12,0.25,0.13,0.25,Matches
403,389,Marvin Schulz,de GER,"MF,DF",Holstein Kiel,29,1995,12,3,306,3.4,0,0,0,0,0,0,3,0,0.0,0.0,0.7,0.7,5,11,2,0.00,0.00,0.00,0.00,0.00,0.01,0.19,0.20,0.01,0.20,Matches
404,390,Alexander Schwolow,de GER,GK,Union Berlin,32,1992,6,6,540,6.0,0,0,0,0,0,0,0,0,0.0,0.0,0.0,0.0,0,0,0,0.00,0.00,0.00,0.00,0.00,0.00,0.00,0.00,0.00,0.00,Matches
405,391,Léo Scienza,br BRA,"FW,MF",Heidenheim,25,1998,25,13,1153,12.8,3,3,6,3,0,0,1,0,2.0,2.0,3.7,5.8,70,30,90,0.23,0.23,0.47,0.23,0.47,0.16,0.29,0.45,0.16,0.45,Matches
406,392,Nicolas Seiwald,at AUT,"MF,DF",RB Leipzig,23,2001,30,20,2084,23.2,0,0,0,0,0,0,2,0,0.2,0.2,1.7,2.0,17,140,30,0.00,0.00,0.00,0.00,0.00,0.01,0.08,0.08,0.01,0.08,Matches
407,393,Benjamin Šeško,si SVN,"FW,MF",RB Leipzig,21,2003,33,30,2380,26.4,13,5,18,11,2,2,2,1,10.0,8.4,2.1,10.5,47,46,141,0.49,0.19,0.68,0.42,0.61,0.38,0.08,0.46,0.32,0.40,Matches
408,394,Armindo Sieb,de GER,"FW,MF",Mainz 05,21,2003,27,5,762,8.5,2,2,4,2,0,0,2,0,2.8,2.8,1.1,3.9,28,18,64,0.24,0.24,0.47,0.24,0.47,0.33,0.13,0.47,0.33,0.47,Matches
409,395,Tim Siersleben,de GER,DF,Heidenheim,24,2000,16,14,1182,13.1,0,0,0,0,0,0,4,0,0.6,0.6,0.5,1.1,8,31,12,0.00,0.00,0.00,0.00,0.00,0.04,0.04,0.08,0.04,0.08,Matches
410,396,Kiliann Sildillia,fr FRA,DF,Freiburg,22,2002,21,8,801,8.9,2,0,2,2,0,0,2,0,0.5,0.5,0.7,1.1,11,29,34,0.22,0.00,0.22,0.22,0.22,0.05,0.07,0.13,0.05,0.13,Matches
411,397,André Silva,pt POR,FW,Werder Bremen,28,1995,7,4,375,4.2,1,0,1,0,1,2,1,0,2.6,1.0,0.4,1.4,6,10,28,0.24,0.00,0.24,0.00,0.00,0.62,0.09,0.71,0.24,0.33,Matches
412,398,André Silva,pt POR,"FW,MF",RB Leipzig,28,1995,8,0,132,1.5,1,2,3,0,1,1,0,0,1.3,0.5,0.6,1.1,6,4,11,0.68,1.36,2.05,0.00,1.36,0.90,0.38,1.28,0.36,0.74,Matches
413,399,Mohamed Simakan,fr FRA,DF,RB Leipzig,24,2000,1,1,54,0.6,0,0,0,0,0,0,0,0,0.0,0.0,0.3,0.3,3,7,4,0.00,0.00,0.00,0.00,0.00,0.00,0.46,0.46,0.00,0.46,Matches
414,400,Xavi Simons,nl NED,MF,RB Leipzig,21,2003,25,25,2150,23.9,10,6,16,10,0,0,5,0,5.1,5.1,6.3,11.4,85,140,185,0.42,0.25,0.67,0.42,0.67,0.21,0.26,0.48,0.21,0.48,Matches
415,Rk,Player,Nation,Pos,Squad,Age,Born,MP,Starts,Min,90s,Gls,Ast,G+A,G-PK,PK,PKatt,CrdY,CrdR,xG,npxG,xAG,npxG+xAG,PrgC,PrgP,PrgR,Gls,Ast,G+A,G-PK,G+A-PK,xG,xAG,xG+xAG,npxG,npxG+xAG,Matches
416,401,Danel Sinani,lu LUX,"FW,MF",St. Pauli,27,1997,26,14,1250,13.9,2,2,4,2,0,0,3,0,1.7,1.7,3.0,4.6,16,60,64,0.14,0.14,0.29,0.14,0.29,0.12,0.21,0.33,0.12,0.33,Matches
417,402,Tobias Sippel,de GER,GK,Gladbach,36,1988,1,0,59,0.7,0,0,0,0,0,0,0,0,0.0,0.0,0.0,0.0,0,0,0,0.00,0.00,0.00,0.00,0.00,0.00,0.00,0.00,0.00,0.00,Matches
418,403,Ibrahima Sissoko,ml MLI,MF,Bochum,26,1997,32,30,2610,29.0,2,1,3,2,0,0,11,1,1.7,1.7,1.6,3.3,35,105,69,0.07,0.03,0.10,0.07,0.10,0.06,0.05,0.11,0.06,0.11,Matches
419,404,Tim Skarke,de GER,"FW,MF",Union Berlin,27,1996,33,11,1164,12.9,0,2,2,0,0,0,1,0,2.1,2.1,1.2,3.3,26,25,96,0.00,0.15,0.15,0.00,0.15,0.16,0.09,0.25,0.16,0.25,Matches
420,405,Ellyes Skhiri,tn TUN,MF,Eint Frankfurt,29,1995,30,26,2231,24.8,1,2,3,1,0,0,6,0,1.4,1.4,1.4,2.8,17,105,27,0.04,0.08,0.12,0.04,0.12,0.06,0.06,0.11,0.06,0.11,Matches
421,406,Leo Skiri Østigård,no NOR,DF,Hoffenheim,24,1999,11,11,927,10.3,0,0,0,0,0,0,0,1,0.3,0.3,0.1,0.4,0,51,1,0.00,0.00,0.00,0.00,0.00,0.03,0.01,0.04,0.03,0.04,Matches
422,407,Andreas Skov Olsen,dk DEN,"FW,MF",Wolfsburg,24,1999,12,4,535,5.9,1,1,2,1,0,0,0,0,0.8,0.8,1.9,2.7,22,22,48,0.17,0.17,0.34,0.17,0.34,0.14,0.32,0.46,0.14,0.46,Matches
423,408,Robert Skov,dk DEN,"DF,MF",Union Berlin,28,1996,15,11,852,9.5,2,2,4,1,1,1,1,0,1.7,0.9,2.4,3.3,25,36,45,0.21,0.21,0.42,0.11,0.32,0.18,0.25,0.43,0.10,0.35,Matches
424,409,Steven Skrzybski,de GER,"MF,FW",Holstein Kiel,31,1992,24,15,1323,14.7,6,3,9,5,1,1,0,0,3.5,2.7,2.9,5.6,17,64,71,0.41,0.20,0.61,0.34,0.54,0.24,0.20,0.44,0.19,0.38,Matches
425,410,Eric Smith,se SWE,"DF,MF",St. Pauli,27,1997,32,32,2827,31.4,1,1,2,1,0,0,7,0,1.4,1.4,1.5,2.9,16,118,11,0.03,0.03,0.06,0.03,0.06,0.05,0.05,0.09,0.05,0.09,Matches
426,411,Anton Stach,de GER,"MF,DF",Hoffenheim,25,1998,30,29,2585,28.7,1,2,3,1,0,0,8,0,2.0,2.0,2.2,4.2,33,152,36,0.03,0.07,0.10,0.03,0.10,0.07,0.08,0.15,0.07,0.15,Matches
427,412,Jens Stage,dk DEN,MF,Werder Bremen,27,1996,28,26,2204,24.5,10,5,15,10,0,0,10,0,7.2,7.2,2.8,10.0,28,104,89,0.41,0.20,0.61,0.41,0.61,0.29,0.12,0.41,0.29,0.41,Matches
428,413,Josip Stanišić,hr CRO,DF,Bayern Munich,24,2000,14,9,876,9.7,0,2,2,0,0,0,0,0,0.3,0.3,1.5,1.8,20,76,30,0.00,0.21,0.21,0.00,0.21,0.03,0.15,0.18,0.03,0.18,Matches
429,414,Niklas Stark,de GER,DF,Werder Bremen,29,1995,26,25,2106,23.4,0,1,1,0,0,0,6,1,1.1,1.1,0.1,1.2,7,62,3,0.00,0.04,0.04,0.00,0.04,0.05,0.00,0.05,0.05,0.05,Matches
430,415,Pascal Stenzel,de GER,DF,Stuttgart,28,1996,10,4,290,3.2,0,0,0,0,0,0,0,0,0.3,0.3,0.6,0.9,2,12,16,0.00,0.00,0.00,0.00,0.00,0.10,0.17,0.28,0.10,0.28,Matches
431,416,Leonidas Stergiou,ch SUI,DF,Stuttgart,22,2002,12,11,852,9.5,1,2,3,1,0,0,0,1,1.1,1.1,0.9,2.0,11,39,32,0.11,0.21,0.32,0.11,0.32,0.11,0.10,0.21,0.11,0.21,Matches
432,417,Finley Stevens,wls WAL,DF,St. Pauli,21,2003,1,0,1,0.0,0,0,0,0,0,0,0,0,0.0,0.0,0.0,0.0,0,0,0,0.00,0.00,0.00,0.00,0.00,0.00,0.00,0.00,0.00,0.00,Matches
433,418,Angelo Stiller,de GER,MF,Stuttgart,23,2001,32,31,2741,30.5,1,8,9,1,0,0,6,0,1.8,1.8,7.2,9.0,39,289,69,0.03,0.26,0.30,0.03,0.30,0.06,0.24,0.29,0.06,0.29,Matches
434,419,Kevin Stöger,at AUT,MF,Gladbach,30,1993,31,16,1551,17.2,3,3,6,1,2,2,3,0,3.9,2.3,5.3,7.6,40,121,95,0.17,0.17,0.35,0.06,0.23,0.22,0.31,0.53,0.13,0.44,Matches
435,420,Niklas Süle,de GER,DF,Dortmund,28,1995,15,12,1053,11.7,0,0,0,0,0,0,1,0,0.6,0.6,0.1,0.7,15,47,10,0.00,0.00,0.00,0.00,0.00,0.05,0.01,0.06,0.05,0.06,Matches
436,421,Mattias Svanberg,se SWE,MF,Wolfsburg,25,1999,20,14,1219,13.5,3,1,4,3,0,0,4,0,3.6,3.6,1.7,5.4,11,36,39,0.22,0.07,0.30,0.22,0.30,0.27,0.13,0.40,0.27,0.40,Matches
437,422,Daniel Svensson,se SWE,"DF,FW",Dortmund,22,2002,12,8,781,8.7,1,3,4,1,0,0,0,0,0.8,0.8,1.2,1.9,11,41,51,0.12,0.35,0.46,0.12,0.46,0.09,0.14,0.22,0.09,0.22,Matches
438,423,Haris Tabakovic,ba BIH,FW,Hoffenheim,30,1994,22,6,821,9.1,3,1,4,3,0,0,0,0,3.3,3.3,1.2,4.6,4,7,45,0.33,0.11,0.44,0.33,0.44,0.37,0.14,0.50,0.37,0.50,Matches
439,424,Jonathan Tah,de GER,DF,Leverkusen,28,1996,33,33,2970,33.0,3,0,3,3,0,0,3,0,1.1,1.1,0.4,1.5,15,169,9,0.09,0.00,0.09,0.09,0.09,0.03,0.01,0.05,0.03,0.05,Matches
440,425,Edmond Tapsoba,bf BFA,DF,Leverkusen,25,1999,29,29,2507,27.9,0,0,0,0,0,0,4,0,1.1,1.1,0.2,1.3,52,164,17,0.00,0.00,0.00,0.00,0.00,0.04,0.01,0.05,0.04,0.05,Matches
441,Rk,Player,Nation,Pos,Squad,Age,Born,MP,Starts,Min,90s,Gls,Ast,G+A,G-PK,PK,PKatt,CrdY,CrdR,xG,npxG,xAG,npxG+xAG,PrgC,PrgP,PrgR,Gls,Ast,G+A,G-PK,G+A-PK,xG,xAG,xG+xAG,npxG,npxG+xAG,Matches
442,426,Mathys Tel,fr FRA,"FW,MF",Bayern Munich,19,2005,8,2,256,2.8,0,1,1,0,0,0,0,0,0.7,0.7,0.3,1.0,6,9,34,0.00,0.35,0.35,0.00,0.35,0.26,0.10,0.36,0.26,0.36,Matches
443,427,Nathan Tella,ng NGA,"MF,FW",Leverkusen,25,1999,27,17,1359,15.1,2,4,6,2,0,0,1,0,3.1,3.1,1.5,4.6,38,22,130,0.13,0.26,0.40,0.13,0.40,0.20,0.10,0.31,0.20,0.31,Matches
444,428,Martin Terrier,fr FRA,"MF,FW",Leverkusen,27,1997,15,7,584,6.5,2,1,3,2,0,0,1,0,2.4,2.4,0.9,3.3,11,14,35,0.31,0.15,0.46,0.31,0.46,0.38,0.14,0.52,0.38,0.52,Matches
445,429,Arthur Theate,be BEL,DF,Eint Frankfurt,24,2000,31,31,2704,30.0,0,0,0,0,0,0,6,1,2.4,2.4,1.0,3.4,50,171,24,0.00,0.00,0.00,0.00,0.00,0.08,0.03,0.11,0.08,0.11,Matches
446,430,Norman Theuerkauf,de GER,MF,Heidenheim,37,1987,1,0,22,0.2,0,0,0,0,0,0,0,0,0.0,0.0,0.0,0.0,0,2,0,0.00,0.00,0.00,0.00,0.00,0.14,0.00,0.14,0.14,0.14,Matches
447,431,Denis Thomalla,de GER,MF,Heidenheim,31,1992,1,0,4,0.0,0,0,0,0,0,0,0,0,0.0,0.0,0.0,0.0,0,0,0,0.00,0.00,0.00,0.00,0.00,0.00,0.00,0.00,0.00,0.00,Matches
448,432,Phillip Tietz,de GER,FW,Augsburg,27,1997,34,19,1686,18.7,7,2,9,6,1,1,4,0,6.1,5.3,1.2,6.5,8,29,113,0.37,0.11,0.48,0.32,0.43,0.33,0.07,0.39,0.28,0.35,Matches
449,433,Umut Tohumcu,de GER,"MF,FW",Hoffenheim,19,2004,12,3,375,4.2,0,1,1,0,0,0,3,0,0.1,0.1,0.4,0.5,3,13,5,0.00,0.24,0.24,0.00,0.24,0.03,0.09,0.12,0.03,0.12,Matches
450,434,John Tolkin,us USA,"DF,MF",Holstein Kiel,22,2002,11,9,737,8.2,0,2,2,0,0,0,0,0,0.1,0.1,0.7,0.7,6,17,12,0.00,0.24,0.24,0.00,0.24,0.01,0.08,0.09,0.01,0.09,Matches
451,435,Tiago Tomás,pt POR,"FW,MF",Wolfsburg,22,2002,32,23,1884,20.9,6,1,7,6,0,0,7,0,5.4,5.4,2.6,8.1,31,50,125,0.29,0.05,0.33,0.29,0.33,0.26,0.13,0.38,0.26,0.38,Matches
452,436,Bazoumana Touré,ci CIV,"FW,MF",Hoffenheim,18,2006,13,7,609,6.8,0,3,3,0,0,0,1,0,1.4,1.4,1.9,3.3,24,14,56,0.00,0.44,0.44,0.00,0.44,0.21,0.28,0.49,0.21,0.49,Matches
453,437,Lucas Tousart,fr FRA,MF,Union Berlin,27,1997,15,6,561,6.2,0,1,1,0,0,0,2,0,0.4,0.4,0.5,0.8,4,18,13,0.00,0.16,0.16,0.00,0.16,0.06,0.07,0.14,0.06,0.14,Matches
454,438,Omar Traoré,de GER,DF,Heidenheim,26,1998,30,30,2616,29.1,0,1,1,0,0,0,7,0,0.5,0.5,1.6,2.2,103,117,115,0.00,0.03,0.03,0.00,0.03,0.02,0.06,0.07,0.02,0.07,Matches
455,439,Kevin Trapp,de GER,GK,Eint Frankfurt,34,1990,26,26,2295,25.5,0,0,0,0,0,0,0,0,0.0,0.0,0.0,0.0,0,1,0,0.00,0.00,0.00,0.00,0.00,0.00,0.00,0.00,0.00,0.00,Matches
456,440,Philipp Treu,de GER,"MF,DF",St. Pauli,23,2000,33,33,2881,32.0,0,2,2,0,0,0,2,0,1.2,1.2,2.5,3.7,58,105,117,0.00,0.06,0.06,0.00,0.06,0.04,0.08,0.12,0.04,0.12,Matches
457,441,Christopher Trimmel,at AUT,"DF,MF",Union Berlin,37,1987,26,20,1740,19.3,0,3,3,0,0,0,5,0,0.2,0.2,2.1,2.3,18,73,45,0.00,0.16,0.16,0.00,0.16,0.01,0.11,0.12,0.01,0.12,Matches
458,442,Tuta,br BRA,"DF,MF",Eint Frankfurt,25,1999,30,26,2274,25.3,2,1,3,2,0,0,8,0,1.1,1.1,0.3,1.4,11,78,12,0.08,0.04,0.12,0.08,0.12,0.04,0.01,0.06,0.04,0.06,Matches
459,443,Lukas Ullrich,de GER,DF,Gladbach,20,2004,26,24,1903,21.1,1,2,3,1,0,0,4,0,0.9,0.9,1.8,2.7,31,39,71,0.05,0.09,0.14,0.05,0.14,0.04,0.09,0.13,0.04,0.13,Matches
460,444,Sven Ulreich,de GER,GK,Bayern Munich,35,1988,1,1,90,1.0,0,0,0,0,0,0,0,0,0.0,0.0,0.0,0.0,0,0,0,0.00,0.00,0.00,0.00,0.00,0.00,0.00,0.00,0.00,0.00,Matches
461,445,Deniz Undav,de GER,"FW,MF",Stuttgart,28,1996,27,20,1726,19.2,9,3,12,9,0,0,4,0,11.7,11.7,3.6,15.2,31,70,141,0.47,0.16,0.63,0.47,0.63,0.61,0.19,0.79,0.61,0.79,Matches
462,446,Dayot Upamecano,fr FRA,DF,Bayern Munich,25,1998,20,20,1759,19.5,2,0,2,2,0,0,6,0,1.2,1.2,0.5,1.7,17,137,4,0.10,0.00,0.10,0.10,0.10,0.06,0.03,0.09,0.06,0.09,Matches
463,447,Jonas Urbig,de GER,GK,Bayern Munich,20,2003,8,8,720,8.0,0,0,0,0,0,0,0,0,0.0,0.0,0.0,0.0,0,3,0,0.00,0.00,0.00,0.00,0.00,0.00,0.00,0.00,0.00,0.00,Matches
464,448,Can Uzun,tr TUR,"MF,FW",Eint Frankfurt,18,2005,20,6,675,7.5,4,1,5,4,0,0,1,0,3.0,3.0,1.1,4.1,11,42,45,0.53,0.13,0.67,0.53,0.67,0.40,0.15,0.55,0.40,0.55,Matches
465,449,Josha Vagnoman,de GER,"DF,MF",Stuttgart,23,2000,26,19,1834,20.4,1,1,2,1,0,0,4,0,1.5,1.5,2.1,3.5,24,47,96,0.05,0.05,0.10,0.05,0.10,0.07,0.10,0.17,0.07,0.17,Matches
466,450,Siebe Van Der Heyden,be BEL,"DF,MF",St. Pauli,26,1998,13,11,872,9.7,1,0,1,1,0,0,4,1,1.7,1.7,0.0,1.8,10,28,26,0.10,0.00,0.10,0.10,0.10,0.18,0.00,0.18,0.18,0.18,Matches
467,Rk,Player,Nation,Pos,Squad,Age,Born,MP,Starts,Min,90s,Gls,Ast,G+A,G-PK,PK,PKatt,CrdY,CrdR,xG,npxG,xAG,npxG+xAG,PrgC,PrgP,PrgR,Gls,Ast,G+A,G-PK,G+A-PK,xG,xAG,xG+xAG,npxG,npxG+xAG,Matches
468,451,Maarten Vandevoordt,be BEL,GK,RB Leipzig,22,2002,6,4,429,4.8,0,0,0,0,0,0,0,0,0.0,0.0,0.0,0.0,0,4,0,0.00,0.00,0.00,0.00,0.00,0.00,0.00,0.00,0.00,0.00,Matches
469,452,Ruben Vargas,ch SUI,"MF,FW",Augsburg,25,1998,8,3,305,3.4,0,0,0,0,0,0,3,0,0.7,0.7,0.7,1.4,9,13,24,0.00,0.00,0.00,0.00,0.00,0.20,0.20,0.40,0.20,0.40,Matches
470,453,Nikola Vasilj,ba BIH,GK,St. Pauli,28,1995,33,33,2969,33.0,0,0,0,0,0,0,2,1,0.0,0.0,0.0,0.0,0,0,0,0.00,0.00,0.00,0.00,0.00,0.00,0.00,0.00,0.00,0.00,Matches
471,454,Denis Vavro,sk SVK,DF,Wolfsburg,28,1996,29,27,2461,27.3,2,0,2,2,0,0,4,0,1.4,1.4,0.2,1.6,9,96,3,0.07,0.00,0.07,0.07,0.07,0.05,0.01,0.06,0.05,0.06,Matches
472,455,Miloš Veljković,rs SRB,DF,Werder Bremen,28,1995,14,11,1029,11.4,0,1,1,0,0,0,1,0,0.6,0.6,0.2,0.7,9,64,2,0.00,0.09,0.09,0.00,0.09,0.05,0.01,0.06,0.05,0.06,Matches
473,456,Nikolas Veratschnig,at AUT,"DF,MF",Mainz 05,21,2003,15,2,364,4.0,0,0,0,0,0,0,1,0,0.2,0.2,0.3,0.5,7,7,30,0.00,0.00,0.00,0.00,0.00,0.06,0.08,0.13,0.06,0.13,Matches
474,457,Arthur Vermeeren,be BEL,MF,RB Leipzig,19,2005,28,18,1572,17.5,0,2,2,0,0,0,7,0,0.4,0.4,0.9,1.3,14,77,20,0.00,0.11,0.11,0.00,0.11,0.02,0.05,0.07,0.02,0.07,Matches
475,458,Yorbe Vertessen,be BEL,"MF,FW",Union Berlin,23,2001,17,7,718,8.0,1,0,1,1,0,0,2,0,1.3,1.3,1.6,2.9,18,16,42,0.13,0.00,0.13,0.13,0.13,0.16,0.20,0.36,0.16,0.36,Matches
476,459,Gabriel Vidovic,hr CRO,MF,Bayern Munich,20,2003,4,0,24,0.3,0,0,0,0,0,0,0,0,0.1,0.1,0.0,0.1,0,0,3,0.00,0.00,0.00,0.00,0.00,0.41,0.00,0.41,0.41,0.41,Matches
477,460,Gabriel Vidovic,hr CRO,MF,Mainz 05,20,2003,1,0,4,0.0,0,0,0,0,0,0,0,0,0.1,0.1,0.0,0.1,0,0,2,0.00,0.00,0.00,0.00,0.00,1.17,0.00,1.17,1.17,1.17,Matches
478,461,Kevin Vogt,de GER,DF,Union Berlin,32,1991,18,16,1367,15.2,1,0,1,0,1,1,6,0,0.8,0.0,0.0,0.0,11,70,2,0.07,0.00,0.07,0.00,0.00,0.05,0.00,0.05,0.00,0.00,Matches
479,462,Kevin Volland,de GER,"FW,MF",Union Berlin,32,1992,4,0,61,0.7,0,0,0,0,0,0,1,0,0.0,0.0,0.1,0.1,0,2,4,0.00,0.00,0.00,0.00,0.00,0.00,0.08,0.08,0.00,0.08,Matches
480,463,Aster Vranckx,be BEL,MF,Wolfsburg,21,2002,14,6,556,6.2,0,0,0,0,0,0,1,0,0.0,0.0,0.0,0.0,5,20,6,0.00,0.00,0.00,0.00,0.00,0.00,0.01,0.01,0.00,0.01,Matches
481,464,Robert Wagner,de GER,MF,St. Pauli,21,2003,12,5,407,4.5,0,0,0,0,0,0,1,0,0.1,0.1,0.0,0.1,1,10,9,0.00,0.00,0.00,0.00,0.00,0.02,0.00,0.02,0.02,0.02,Matches
482,465,Elye Wahi,fr FRA,"FW,MF",Eint Frankfurt,21,2003,8,1,196,2.2,0,0,0,0,0,0,1,0,1.3,1.3,0.1,1.4,6,5,19,0.00,0.00,0.00,0.00,0.00,0.58,0.04,0.62,0.58,0.62,Matches
483,466,Hauke Wahl,de GER,DF,St. Pauli,30,1994,33,33,2970,33.0,0,0,0,0,0,0,1,0,0.9,0.9,0.5,1.4,30,142,10,0.00,0.00,0.00,0.00,0.00,0.03,0.02,0.04,0.03,0.04,Matches
484,467,Paul Wanner,de GER,"MF,FW",Heidenheim,18,2005,29,20,1771,19.7,3,2,5,2,1,1,2,0,3.7,2.9,1.3,4.1,28,64,65,0.15,0.10,0.25,0.10,0.20,0.19,0.06,0.25,0.15,0.21,Matches
485,468,Kjell-Arik Wätjen,de GER,MF,Dortmund,18,2006,2,0,16,0.2,0,0,0,0,0,0,0,0,0.0,0.0,0.0,0.0,0,0,0,0.00,0.00,0.00,0.00,0.00,0.00,0.00,0.00,0.00,0.00,Matches
486,469,Julian Weigl,de GER,MF,Gladbach,28,1995,33,33,2881,32.0,0,2,2,0,0,0,8,0,0.7,0.7,1.1,1.9,11,122,9,0.00,0.06,0.06,0.00,0.06,0.02,0.03,0.06,0.02,0.06,Matches
487,470,Timon Weiner,de GER,GK,Holstein Kiel,25,1999,25,25,2250,25.0,0,0,0,0,0,0,4,0,0.0,0.0,0.0,0.0,0,0,0,0.00,0.00,0.00,0.00,0.00,0.00,0.00,0.00,0.00,0.00,Matches
488,471,Nelson Weiper,de GER,"FW,MF",Mainz 05,19,2005,23,7,704,7.8,3,2,5,3,0,0,2,0,4.1,4.1,1.9,6.0,12,13,62,0.38,0.26,0.64,0.38,0.64,0.52,0.25,0.77,0.52,0.77,Matches
489,472,Mitchell Weiser,de GER,"DF,MF",Werder Bremen,30,1994,32,32,2868,31.9,5,9,14,5,0,0,9,1,5.4,5.4,4.7,10.1,65,125,200,0.16,0.28,0.44,0.16,0.44,0.17,0.15,0.32,0.17,0.32,Matches
490,473,Noah Weißhaupt,de GER,"FW,MF",St. Pauli,22,2001,19,13,1160,12.9,1,0,1,1,0,0,0,0,2.1,2.1,1.8,3.9,42,33,94,0.08,0.00,0.08,0.08,0.08,0.16,0.14,0.30,0.16,0.30,Matches
491,474,Noah Weißhaupt,de GER,FW,Freiburg,22,2001,3,0,80,0.9,0,0,0,0,0,0,0,0,0.0,0.0,0.0,0.0,8,6,10,0.00,0.00,0.00,0.00,0.00,0.05,0.00,0.05,0.05,0.05,Matches
492,475,Silvan Widmer,ch SUI,DF,Mainz 05,31,1993,27,3,504,5.6,0,1,1,0,0,0,3,0,0.3,0.3,0.4,0.7,3,23,36,0.00,0.18,0.18,0.00,0.18,0.06,0.07,0.13,0.06,0.13,Matches
493,Rk,Player,Nation,Pos,Squad,Age,Born,MP,Starts,Min,90s,Gls,Ast,G+A,G-PK,PK,PKatt,CrdY,CrdR,xG,npxG,xAG,npxG+xAG,PrgC,PrgP,PrgR,Gls,Ast,G+A,G-PK,G+A-PK,xG,xAG,xG+xAG,npxG,npxG+xAG,Matches
494,476,Patrick Wimmer,at AUT,"MF,FW",Wolfsburg,23,2001,29,22,1770,19.7,3,4,7,3,0,0,5,1,3.7,3.7,2.9,6.7,46,91,75,0.15,0.20,0.36,0.15,0.36,0.19,0.15,0.34,0.19,0.34,Matches
495,477,Jonas Wind,dk DEN,"FW,MF",Wolfsburg,25,1999,31,21,1966,21.8,9,3,12,8,1,2,2,0,5.7,4.0,4.2,8.1,17,100,94,0.41,0.14,0.55,0.37,0.50,0.26,0.19,0.45,0.18,0.37,Matches
496,478,Florian Wirtz,de GER,"MF,FW",Leverkusen,21,2003,31,25,2351,26.1,10,12,22,8,2,4,3,0,9.4,6.1,7.0,13.1,131,176,309,0.38,0.46,0.84,0.31,0.77,0.36,0.27,0.63,0.23,0.50,Matches
497,479,Dani de Wit,nl NED,"MF,FW",Bochum,26,1998,28,11,1153,12.8,2,1,3,2,0,0,1,0,2.1,2.1,0.5,2.7,5,33,37,0.16,0.08,0.23,0.16,0.23,0.17,0.04,0.21,0.17,0.21,Matches
498,480,Maximilian Wittek,de GER,DF,Bochum,28,1995,33,32,2706,30.1,0,0,0,0,0,0,8,0,1.4,1.4,4.4,5.7,47,141,83,0.00,0.00,0.00,0.00,0.00,0.04,0.14,0.19,0.04,0.19,Matches
499,481,Marius Wolf,de GER,DF,Augsburg,29,1995,32,28,2144,23.8,1,3,4,1,0,0,2,0,0.7,0.7,3.2,3.9,36,117,95,0.04,0.13,0.17,0.04,0.17,0.03,0.14,0.16,0.03,0.16,Matches
500,482,Nick Woltemade,de GER,"FW,MF",Stuttgart,22,2002,28,17,1622,18.0,12,2,14,10,2,3,5,1,10.2,8.0,4.6,12.6,31,52,141,0.67,0.11,0.78,0.55,0.67,0.57,0.25,0.82,0.44,0.70,Matches
501,483,Jeong Woo-yeong,kr KOR,"MF,FW",Union Berlin,24,1999,23,17,1263,14.0,3,2,5,3,0,0,2,0,2.8,2.8,1.7,4.4,32,63,93,0.21,0.14,0.36,0.21,0.36,0.20,0.12,0.31,0.20,0.31,Matches
502,484,Granit Xhaka,ch SUI,MF,Leverkusen,31,1992,33,33,2888,32.1,2,7,9,2,0,0,3,0,0.9,0.9,4.4,5.3,42,318,72,0.06,0.22,0.28,0.06,0.28,0.03,0.14,0.17,0.03,0.17,Matches
503,485,Erencan Yardimci,tr TUR,"FW,MF",Hoffenheim,22,2002,8,3,313,3.5,0,0,0,0,0,0,2,0,1.0,1.0,0.0,1.0,4,4,12,0.00,0.00,0.00,0.00,0.00,0.30,0.00,0.30,0.30,0.30,Matches
504,486,Dan-Axel Zagadou,fr FRA,"DF,MF",Stuttgart,25,1999,2,0,29,0.3,0,0,0,0,0,0,1,0,0.0,0.0,0.0,0.0,0,0,0,0.00,0.00,0.00,0.00,0.00,0.00,0.00,0.00,0.00,0.00,Matches
505,487,David Zec,si SVN,DF,Holstein Kiel,24,2000,18,18,1541,17.1,2,0,2,2,0,0,5,0,1.2,1.2,0.5,1.8,3,34,2,0.12,0.00,0.12,0.12,0.12,0.07,0.03,0.10,0.07,0.10,Matches
506,488,Robin Zentner,de GER,GK,Mainz 05,29,1994,32,32,2880,32.0,0,0,0,0,0,0,3,0,0.0,0.0,0.3,0.3,0,2,0,0.00,0.00,0.00,0.00,0.00,0.00,0.01,0.01,0.00,0.01,Matches
507,489,Cedric Zesiger,ch SUI,DF,Augsburg,26,1998,15,15,1221,13.6,0,2,2,0,0,0,7,1,1.2,1.2,1.3,2.5,4,40,7,0.00,0.15,0.15,0.00,0.15,0.09,0.09,0.18,0.09,0.18,Matches
508,490,Cedric Zesiger,ch SUI,DF,Wolfsburg,26,1998,7,5,522,5.8,0,0,0,0,0,0,4,0,0.1,0.1,0.0,0.1,3,19,2,0.00,0.00,0.00,0.00,0.00,0.01,0.00,0.01,0.01,0.01,Matches
509,491,Michael Zetterer,de GER,GK,Werder Bremen,29,1995,34,34,3060,34.0,0,0,0,0,0,0,2,0,0.0,0.0,0.0,0.0,0,3,0,0.00,0.00,0.00,0.00,0.00,0.00,0.00,0.00,0.00,0.00,Matches
510,492,Budu Zivzivadze,ge GEO,FW,Heidenheim,30,1994,15,10,958,10.6,2,3,5,2,0,0,0,0,1.7,1.7,1.5,3.2,11,20,43,0.19,0.28,0.47,0.19,0.47,0.16,0.14,0.30,0.16,0.30,Matches
