nombre,Posicion,club_actual,partidos_jugados,titularidades,minutos_jugados,goles,asistencias,amarillas,rojas,carreras_progresivas,pases_progresivos,Pases_progresivos_recibidos,temporada,liga
max aarons,"DF,MF",Valencia,4,1,120,0,0,2,0,0,6,10,2024-2025,laliga
rodrigo abajas,DF,Valencia,1,1,65,0,0,1,0,3,2,3,2024-2025,laliga
abel,DF,Osasuna,35,20,2074,2,0,3,0,50,77,92,2024-2025,laliga
nabil aberdin,MF,Getafe,7,4,263,0,0,1,0,2,6,2,2024-2025,laliga
abdel abqar,DF,Alavés,29,29,2463,0,1,13,0,16,79,4,2024-2025,laliga
akor adams,FW,Sevilla,4,1,134,0,0,0,0,0,5,5,2024-2025,laliga
adrián,GK,Betis,19,19,1710,0,0,3,0,0,0,0,2024-2025,laliga
julen agirrezabala,GK,Athletic Club,14,14,1206,0,0,1,1,0,0,0,2024-2025,laliga
lucien agoume,MF,Sevilla,35,24,2114,1,3,5,1,29,135,23,2024-2025,laliga
álvaro aguado,MF,Espanyol,16,4,443,0,1,3,0,15,37,4,2024-2025,laliga
lorenzo aguado,DF,Real Madrid,2,0,5,0,0,0,0,0,0,0,2024-2025,laliga
nayef aguerd,DF,Real Sociedad,21,21,1760,0,0,5,0,26,75,1,2024-2025,laliga
joseph aidoo,DF,Valladolid,8,6,583,0,0,0,0,1,14,0,2024-2025,laliga
joseph aidoo,DF,Celta Vigo,1,0,2,0,0,0,0,0,1,0,2024-2025,laliga
ilias akhomach,"MF,FW",Villarreal,11,7,584,1,0,1,0,30,12,64,2024-2025,laliga
david alaba,DF,Real Madrid,7,4,317,0,0,1,0,2,7,4,2024-2025,laliga
ibrahim alani,MF,Valladolid,3,1,160,0,0,0,0,2,5,1,2024-2025,laliga
raúl albiol,DF,Villarreal,15,14,1188,0,0,5,0,3,34,0,2024-2025,laliga
omar alderete,DF,Getafe,34,34,2971,1,0,8,0,25,112,7,2024-2025,laliga
carles aleñá,"MF,FW",Getafe,10,5,452,0,0,1,0,3,12,10,2024-2025,laliga
carles aleñá,"MF,FW",Alavés,14,13,1090,0,2,1,0,18,58,43,2024-2025,laliga
alfon,"FW,MF",Celta Vigo,26,14,1371,5,2,1,1,89,22,170,2024-2025,laliga
tadeo allende,FW,Celta Vigo,1,0,2,0,0,1,0,0,0,0,2024-2025,laliga
domingos andré ribeiro almeida,"MF,FW",Valencia,34,24,1977,0,4,2,0,45,142,77,2024-2025,laliga
iker almena,"FW,DF",Girona,2,0,48,0,1,0,0,6,2,10,2024-2025,laliga
player,Pos,Squad,MP,Starts,Min,Gls,Ast,CrdY,CrdR,PrgC,PrgP,PrgR,2024-2025,laliga
marcos alonso,DF,Celta Vigo,31,29,2647,3,0,10,2,64,215,49,2024-2025,laliga
adrià altimira,"DF,FW",Leganés,22,19,1630,0,0,6,0,23,42,69,2024-2025,laliga
sergi altimira,MF,Betis,32,22,1972,0,1,4,0,25,99,30,2024-2025,laliga
hugo álvarez,"MF,DF",Celta Vigo,26,16,1572,4,3,6,0,74,60,171,2024-2025,laliga
julián álvarez,FW,Atlético Madrid,37,30,2509,17,4,5,0,79,92,162,2024-2025,laliga
yeray álvarez,DF,Athletic Club,21,20,1781,1,0,4,0,19,105,0,2024-2025,laliga
selim amallah,MF,Valladolid,24,18,1376,3,1,6,0,24,57,27,2024-2025,laliga
amath,"FW,DF",Valladolid,13,5,375,0,1,1,0,10,12,29,2024-2025,laliga
marcos andré,FW,Valladolid,22,14,1188,1,2,5,0,11,16,39,2024-2025,laliga
leandro antonetti,FW,Sevilla,2,0,28,0,0,0,0,1,0,3,2024-2025,laliga
antoniu,"FW,MF",Espanyol,26,13,1022,0,1,3,0,35,28,63,2024-2025,laliga
antony,FW,Betis,17,15,1362,5,2,2,1,94,67,157,2024-2025,laliga
anuar,"MF,FW",Valladolid,26,21,1720,2,0,7,0,24,30,68,2024-2025,laliga
aritz arambarri,DF,Leganés,2,2,177,0,0,0,0,0,2,0,2024-2025,laliga
mauro arambarri,MF,Getafe,35,31,2661,10,0,10,0,17,75,55,2024-2025,laliga
jon aramburu,DF,Real Sociedad,35,28,2460,1,1,8,0,26,97,53,2024-2025,laliga
ronald araújo,DF,Barcelona,12,11,754,1,1,3,0,6,49,3,2024-2025,laliga
adu ares,FW,Athletic Club,1,0,19,0,0,0,0,1,3,2,2024-2025,laliga
jesús areso,DF,Osasuna,36,35,3079,0,3,9,0,101,106,203,2024-2025,laliga
david argüelles,MF,Getafe,1,0,7,0,0,0,0,1,0,0,2024-2025,laliga
josé arnaiz,"FW,MF",Osasuna,15,1,133,0,0,0,0,6,4,20,2024-2025,laliga
sergio arribas,DF,Betis,1,1,90,0,0,0,0,0,1,4,2024-2025,laliga
takuma asano,"FW,MF",Mallorca,21,13,1054,2,1,0,0,28,20,76,2024-2025,laliga
raúl asencio,DF,Real Madrid,23,18,1670,0,1,3,0,5,27,4,2024-2025,laliga
iago aspas,"FW,MF",Celta Vigo,30,19,1745,10,5,6,1,50,132,143,2024-2025,laliga
player,Pos,Squad,MP,Starts,Min,Gls,Ast,CrdY,CrdR,PrgC,PrgP,PrgR,2024-2025,laliga
yaser asprilla,"FW,MF",Girona,27,15,1405,3,1,2,0,72,77,140,2024-2025,laliga
ezequiel ávila,FW,Betis,19,6,677,2,0,5,1,12,18,48,2024-2025,laliga
adam aznou,DF,Valladolid,13,10,876,0,0,1,0,16,25,26,2024-2025,laliga
césar azpilicueta,DF,Atlético Madrid,14,10,875,1,0,1,0,13,66,20,2024-2025,laliga
papa ba,MF,Girona,1,0,48,0,0,0,0,1,0,2,2024-2025,laliga
loïc bade,DF,Sevilla,32,31,2686,1,1,7,1,11,62,6,2024-2025,laliga
alex baena,"MF,FW",Villarreal,32,30,2595,7,9,9,0,91,189,154,2024-2025,laliga
juma bah,DF,Valladolid,12,10,864,0,0,1,0,0,13,1,2024-2025,laliga
eric bailly,DF,Villarreal,12,8,617,0,0,2,1,1,18,0,2024-2025,laliga
stefan bajcetic,"MF,DF",Las Palmas,14,12,969,1,0,4,0,8,39,9,2024-2025,laliga
cédric bakambu,FW,Betis,25,6,710,2,2,4,0,9,14,43,2024-2025,laliga
alejandro balde,DF,Barcelona,32,26,2284,0,4,2,0,107,93,246,2024-2025,laliga
iván balliu,DF,Rayo Vallecano,25,12,1200,0,0,3,0,8,46,21,2024-2025,laliga
jonathan bamba,"FW,MF",Celta Vigo,12,10,811,0,1,1,0,31,30,71,2024-2025,laliga
adrian baquerin,FW,Valladolid,5,0,49,0,0,0,0,0,1,0,2024-2025,laliga
valentín barco,"DF,FW",Sevilla,7,3,288,0,0,0,0,4,13,13,2024-2025,laliga
borna barišić,DF,Leganés,1,1,9,0,0,0,0,0,0,0,2024-2025,laliga
kike barja,"FW,MF",Osasuna,15,3,315,0,1,3,0,22,4,39,2024-2025,laliga
enzo barrenechea,MF,Valencia,30,26,2191,1,2,6,0,21,126,16,2024-2025,laliga
ander barrenetxea,"MF,FW",Real Sociedad,30,14,1263,1,3,6,0,43,48,152,2024-2025,laliga
pablo barrios,MF,Atlético Madrid,31,28,2330,1,4,4,1,29,142,69,2024-2025,laliga
thierno barry,FW,Villarreal,35,25,2323,11,4,4,0,44,27,124,2024-2025,laliga
marc bartra,DF,Betis,25,23,2099,2,1,2,0,7,68,1,2024-2025,laliga
aboubacar bassinga,MF,Las Palmas,1,0,4,0,0,0,0,0,0,0,2024-2025,laliga
augusto batalla,GK,Rayo Vallecano,32,32,2880,0,0,6,0,0,2,0,2024-2025,laliga
player,Pos,Squad,MP,Starts,Min,Gls,Ast,CrdY,CrdR,PrgC,PrgP,PrgR,2024-2025,laliga
rafael bauza,MF,Espanyol,5,2,183,0,0,1,0,1,7,3,2024-2025,laliga
sheraldo becker,"FW,MF",Real Sociedad,22,11,995,2,1,1,1,51,23,110,2024-2025,laliga
donny van de beek,MF,Girona,26,16,1421,2,2,5,0,17,45,85,2024-2025,laliga
luken beitia,DF,Real Sociedad,1,0,8,0,0,0,0,0,0,0,2024-2025,laliga
ismael bekhoucha,"MF,DF",Getafe,5,0,69,0,0,2,0,1,1,1,2024-2025,laliga
héctor bellerín,DF,Betis,9,6,580,0,2,1,0,3,24,22,2024-2025,laliga
jude bellingham,MF,Real Madrid,31,29,2488,9,8,5,1,74,199,143,2024-2025,laliga
fran beltrán,MF,Celta Vigo,34,29,2421,2,1,3,0,28,152,29,2024-2025,laliga
carlos benavídez,MF,Alavés,18,6,487,1,1,3,0,4,26,5,2024-2025,laliga
iker benito,"FW,MF",Osasuna,2,0,37,0,0,0,0,2,0,4,2024-2025,laliga
yuri berchiche,DF,Athletic Club,30,22,2044,0,2,5,0,43,161,66,2024-2025,laliga
álex berenguer,"FW,MF",Athletic Club,36,28,2339,6,7,5,0,65,78,216,2024-2025,laliga
marc bernal,MF,Barcelona,3,3,242,0,0,2,0,0,8,2,2024-2025,laliga
juan bernat,"DF,MF",Villarreal,10,1,212,0,1,0,0,4,8,23,2024-2025,laliga
juan bernat,"MF,DF",Getafe,14,9,699,0,1,0,0,2,14,36,2024-2025,laliga
juan berrocal,DF,Getafe,19,11,1063,0,0,8,1,1,25,1,2024-2025,laliga
antonio blanco,MF,Alavés,35,32,2727,0,1,11,1,13,146,19,2024-2025,laliga
daley blind,DF,Girona,34,31,2780,0,2,2,0,71,272,61,2024-2025,laliga
adama boiro,"DF,FW",Athletic Club,18,13,1101,0,0,3,0,25,46,36,2024-2025,laliga
enzo boyomo,DF,Osasuna,34,33,2987,2,0,5,0,16,111,7,2024-2025,laliga
enzo boyomo,DF,Valladolid,3,3,270,0,0,0,0,1,7,0,2024-2025,laliga
darko brašanac,MF,Leganés,30,15,1617,1,2,4,0,6,43,53,2024-2025,laliga
tajon buchanan,MF,Villarreal,13,4,416,1,2,2,0,19,5,45,2024-2025,laliga
ante budimir,FW,Osasuna,38,34,2952,21,4,4,0,23,24,134,2024-2025,laliga
manu bueno,"MF,FW",Sevilla,9,1,140,1,0,0,0,2,5,5,2024-2025,laliga
player,Pos,Squad,MP,Starts,Min,Gls,Ast,CrdY,CrdR,PrgC,PrgP,PrgR,2024-2025,laliga
endika buján,FW,Athletic Club,1,0,7,0,0,0,0,1,0,0,2024-2025,laliga
pau cabanes,"MF,FW",Villarreal,10,0,163,1,0,0,0,10,11,33,2024-2025,laliga
pau cabanes,"MF,FW",Alavés,6,2,188,0,0,1,0,15,5,15,2024-2025,laliga
leandro cabrera,DF,Espanyol,33,32,2869,4,2,4,1,9,69,6,2024-2025,laliga
fernando calero,"DF,MF",Espanyol,21,6,715,1,0,1,0,0,17,2,2024-2025,laliga
eduardo camavinga,"MF,DF",Real Madrid,19,11,1102,1,2,2,0,26,61,31,2024-2025,laliga
sergio camello,FW,Rayo Vallecano,23,14,1134,3,2,2,0,20,27,68,2024-2025,laliga
josé campaña,MF,Las Palmas,25,15,1189,0,3,5,0,11,87,15,2024-2025,laliga
peio canales,"MF,FW",Athletic Club,8,2,259,0,0,0,0,6,6,11,2024-2025,laliga
antonio candela,DF,Valladolid,12,12,906,0,0,1,0,16,22,29,2024-2025,laliga
sergi canós,"MF,FW",Valencia,17,2,370,0,1,3,0,7,9,47,2024-2025,laliga
dani cárdenas,GK,Rayo Vallecano,6,6,540,0,0,0,0,0,0,0,2024-2025,laliga
irvin cardona,"FW,MF",Espanyol,16,5,606,1,1,1,0,14,15,43,2024-2025,laliga
marc cardona,"FW,DF",Las Palmas,11,0,132,0,0,2,0,2,3,12,2024-2025,laliga
sergi cardona,DF,Villarreal,35,34,2945,1,7,11,0,52,77,198,2024-2025,laliga
johnny cardoso,MF,Betis,28,24,2144,3,1,4,0,19,71,28,2024-2025,laliga
josé carlos gonzález,DF,Las Palmas,1,0,11,0,0,0,0,0,0,1,2024-2025,laliga
carmona,DF,Sevilla,35,35,2942,0,0,11,0,45,109,57,2024-2025,laliga
sergio carreira,"MF,DF",Celta Vigo,23,19,1656,0,4,1,0,39,53,140,2024-2025,laliga
dani carvajal,DF,Real Madrid,8,7,609,1,0,1,0,13,27,48,2024-2025,laliga
william carvalho,MF,Betis,14,6,484,0,0,1,0,5,45,10,2024-2025,laliga
marc casado,MF,Barcelona,23,20,1611,1,3,4,1,12,107,24,2024-2025,laliga
catena,DF,Osasuna,35,35,3074,1,3,11,0,9,89,4,2024-2025,laliga
maximiliano caufriez,DF,Valencia,1,1,90,0,0,0,0,0,1,0,2024-2025,laliga
dani ceballos,MF,Real Madrid,23,15,1215,0,0,4,0,42,150,17,2024-2025,laliga
player,Pos,Squad,MP,Starts,Min,Gls,Ast,CrdY,CrdR,PrgC,PrgP,PrgR,2024-2025,laliga
franco cervi,"FW,MF",Celta Vigo,7,4,273,0,0,1,0,3,14,21,2024-2025,laliga
raúl chasco,DF,Valladolid,2,1,130,0,0,0,0,1,3,2,2024-2025,laliga
pep chavarría,"DF,FW",Rayo Vallecano,34,28,2585,0,1,3,0,59,114,133,2024-2025,laliga
walid cheddira,FW,Espanyol,22,5,640,1,1,3,0,8,12,34,2024-2025,laliga
chema,MF,Real Madrid,2,0,12,0,0,0,0,0,0,0,2024-2025,laliga
julián chicco,"MF,DF",Leganés,14,2,302,0,1,0,0,8,16,7,2024-2025,laliga
chiquinho,"MF,FW",Mallorca,8,1,146,0,0,2,0,4,1,12,2024-2025,laliga
andreas christensen,DF,Barcelona,5,2,254,0,0,3,0,1,15,1,2024-2025,laliga
jasper cillessen,GK,Las Palmas,27,27,2335,0,0,1,0,0,0,0,2024-2025,laliga
pathé ciss,"MF,DF",Rayo Vallecano,33,25,2140,4,1,12,0,19,128,12,2024-2025,laliga
seydouba cissé,MF,Leganés,34,31,2435,3,1,3,1,26,110,42,2024-2025,laliga
silvi clúa,MF,Girona,4,2,163,0,0,0,0,4,3,3,2024-2025,laliga
eray cömert,"DF,MF",Valladolid,25,21,1779,0,0,6,0,9,48,5,2024-2025,laliga
santi comesaña,MF,Villarreal,35,30,2560,4,2,7,0,39,154,58,2024-2025,laliga
diego conde,GK,Villarreal,22,22,1962,0,1,2,0,0,0,0,2024-2025,laliga
tomás conechny,"FW,MF",Alavés,22,9,847,1,0,8,0,14,23,61,2024-2025,laliga
copete,DF,Mallorca,25,16,1528,0,0,6,0,10,47,2,2024-2025,laliga
iker córdoba,DF,Valencia,2,0,15,0,0,0,0,0,1,1,2024-2025,laliga
ángel correa,"FW,MF",Atlético Madrid,31,3,805,4,1,3,1,30,25,85,2024-2025,laliga
thierry correia,DF,Valencia,11,9,768,0,0,1,0,16,44,48,2024-2025,laliga
coba da costa,"MF,FW",Getafe,19,12,1006,1,1,4,0,46,16,83,2024-2025,laliga
logan costa,DF,Villarreal,32,28,2587,2,1,3,0,25,116,10,2024-2025,laliga
samu costa,MF,Mallorca,32,31,2649,0,2,10,1,24,116,69,2024-2025,laliga
thibaut courtois,GK,Real Madrid,30,30,2700,0,0,1,0,0,0,0,2024-2025,laliga
juan cruz armada,DF,Osasuna,25,19,1492,0,0,4,0,9,53,12,2024-2025,laliga
player,Pos,Squad,MP,Starts,Min,Gls,Ast,CrdY,CrdR,PrgC,PrgP,PrgR,2024-2025,laliga
juan cruz,"FW,MF",Leganés,34,26,2257,5,4,2,0,59,66,131,2024-2025,laliga
pau cubarsí,DF,Barcelona,35,29,2618,0,3,3,0,26,191,6,2024-2025,laliga
cucho,FW,Betis,15,14,1139,5,1,0,0,27,34,82,2024-2025,laliga
arnaut danjuma,FW,Villarreal,3,3,200,2,0,1,0,4,1,17,2024-2025,laliga
arnaut danjuma,"FW,MF",Girona,25,15,1335,2,0,2,0,91,41,185,2024-2025,laliga
sergi darder,"MF,FW",Mallorca,38,34,2744,2,6,4,0,37,142,83,2024-2025,laliga
rodrigo de paul,MF,Atlético Madrid,34,23,2106,3,5,7,0,85,231,64,2024-2025,laliga
mouctar diakhaby,DF,Valencia,13,7,653,2,0,0,0,5,14,2,2024-2025,laliga
assane diao,FW,Betis,10,2,277,1,2,0,0,9,1,27,2024-2025,laliga
moussa diarra,DF,Alavés,26,20,1866,0,0,6,0,12,70,31,2024-2025,laliga
brahim díaz,"FW,MF",Real Madrid,31,16,1385,4,2,0,0,39,74,110,2024-2025,laliga
daniel díaz,MF,Real Sociedad,1,0,10,0,0,0,0,0,0,0,2024-2025,laliga
pedro díaz,MF,Rayo Vallecano,26,12,1211,3,0,2,0,27,62,49,2024-2025,laliga
diego,FW,Leganés,28,13,1195,3,0,2,0,9,16,49,2024-2025,laliga
stole dimitrievski,GK,Valencia,4,4,360,0,0,1,0,0,0,0,2024-2025,laliga
yan diomandé,"MF,FW",Leganés,10,6,545,2,1,1,0,37,16,64,2024-2025,laliga
álvaro djaló,FW,Athletic Club,17,7,659,1,0,2,0,22,13,60,2024-2025,laliga
djené,"DF,MF",Getafe,31,31,2548,0,0,10,1,18,74,21,2024-2025,laliga
marko dmitrović,GK,Leganés,32,32,2880,0,0,0,0,0,1,0,2024-2025,laliga
marc domenech,"FW,MF",Mallorca,10,3,303,0,0,0,0,1,4,21,2024-2025,laliga
carlos dominguez,DF,Celta Vigo,19,13,1181,0,0,1,0,15,66,4,2024-2025,laliga
israel domínguez,FW,Sevilla,1,0,18,0,0,0,0,0,0,0,2024-2025,laliga
sergi dominguez,DF,Barcelona,3,2,172,0,0,1,0,0,13,1,2024-2025,laliga
anastasios douvikas,FW,Celta Vigo,20,6,700,3,1,2,0,6,6,43,2024-2025,laliga
domingos duarte,DF,Getafe,22,21,1859,1,0,4,2,3,47,3,2024-2025,laliga
player,Pos,Squad,MP,Starts,Min,Gls,Ast,CrdY,CrdR,PrgC,PrgP,PrgR,2024-2025,laliga
duk,"MF,FW",Leganés,10,1,179,0,0,1,0,10,3,21,2024-2025,laliga
pablo durán,"FW,MF",Celta Vigo,27,15,1394,4,4,3,0,24,30,124,2024-2025,laliga
hugo duro,FW,Valencia,31,25,2166,11,2,5,0,13,28,88,2024-2025,laliga
chidera ejuke,FW,Sevilla,25,9,966,2,1,0,0,75,38,101,2024-2025,laliga
aritz elustondo,DF,Real Sociedad,22,16,1457,0,0,2,1,17,51,4,2024-2025,laliga
adri embarba,"FW,MF",Rayo Vallecano,35,18,1607,1,1,4,0,47,45,114,2024-2025,laliga
endrick,FW,Real Madrid,22,3,363,1,0,1,0,12,8,32,2024-2025,laliga
alfonso espino,DF,Rayo Vallecano,16,9,833,0,1,4,0,10,39,29,2024-2025,laliga
dario essugo,MF,Las Palmas,27,25,1938,1,0,11,2,18,76,8,2024-2025,laliga
etienne eto'o,FW,Rayo Vallecano,2,0,40,0,0,0,0,0,0,1,2024-2025,laliga
karl etta,"MF,FW",Villarreal,4,0,37,1,0,0,0,0,0,0,2024-2025,laliga
edu expósito,MF,Espanyol,19,12,1045,0,2,3,0,23,64,41,2024-2025,laliga
abde ezzalzouli,"FW,MF",Betis,32,23,1984,2,2,2,0,117,68,215,2024-2025,laliga
ansu fati,FW,Barcelona,6,3,233,0,0,1,0,7,6,32,2024-2025,laliga
nabil fekir,MF,Betis,2,2,180,0,1,0,0,9,10,18,2024-2025,laliga
kiko femenía,DF,Villarreal,28,27,2227,0,1,7,0,52,112,44,2024-2025,laliga
aitor fernández,GK,Osasuna,1,1,90,0,0,0,0,0,0,0,2024-2025,laliga
álvaro fernández,GK,Sevilla,9,8,747,0,0,2,0,0,0,0,2024-2025,laliga
pelayo fernandez,DF,Rayo Vallecano,2,1,98,0,0,1,0,0,1,0,2024-2025,laliga
roberto férnandez,FW,Espanyol,19,18,1497,6,0,1,0,7,17,50,2024-2025,laliga
valery fernández,"MF,FW",Mallorca,18,1,309,2,0,1,0,2,5,14,2024-2025,laliga
andré ferreira,GK,Valladolid,6,6,540,0,0,0,0,0,0,0,2024-2025,laliga
mateo flores,MF,Betis,6,1,153,0,0,1,0,0,9,2,2024-2025,laliga
pablo fornals,"MF,FW",Betis,26,22,1827,2,0,2,0,32,146,85,2024-2025,laliga
héctor fort,DF,Barcelona,17,5,585,0,0,2,0,14,26,33,2024-2025,laliga
player,Pos,Squad,MP,Starts,Min,Gls,Ast,CrdY,CrdR,PrgC,PrgP,PrgR,2024-2025,laliga
dimitri foulquier,DF,Valencia,32,25,2299,0,1,6,0,48,97,66,2024-2025,laliga
juan foyth,DF,Villarreal,19,17,1517,1,0,4,0,13,65,11,2024-2025,laliga
fran,GK,Real Madrid,1,1,90,0,0,0,0,0,0,0,2024-2025,laliga
alejandro francés,DF,Girona,18,13,1173,0,0,2,0,18,63,21,2024-2025,laliga
enric franquesa,"DF,FW",Leganés,12,7,616,1,0,1,0,11,12,30,2024-2025,laliga
jorge de frutos,"FW,MF",Rayo Vallecano,36,30,2495,6,3,3,1,77,44,201,2024-2025,laliga
darío fuentes,DF,Sevilla,1,0,5,0,0,1,0,0,0,0,2024-2025,laliga
manuel fuster,"FW,MF",Las Palmas,28,8,1003,2,1,2,0,23,71,75,2024-2025,laliga
javi galán,DF,Atlético Madrid,25,21,1784,0,3,8,0,52,54,107,2024-2025,laliga
iñigo ruiz de galarreta,MF,Athletic Club,26,18,1477,0,4,5,0,27,137,39,2024-2025,laliga
conor gallagher,MF,Atlético Madrid,32,19,1633,3,3,2,0,24,64,64,2024-2025,laliga
facundo garcés,DF,Alavés,10,7,678,0,0,2,0,3,12,3,2024-2025,laliga
álvaro garcía,"FW,MF",Rayo Vallecano,36,28,2559,4,5,4,0,68,71,245,2024-2025,laliga
eric garcía,"DF,MF",Barcelona,29,14,1566,2,3,4,0,18,109,22,2024-2025,laliga
fran garcia,DF,Real Madrid,31,24,2171,0,2,0,0,78,119,177,2024-2025,laliga
gonzalo garcía,"FW,DF",Real Madrid,3,0,56,0,1,0,0,0,0,3,2024-2025,laliga
joan garcía,GK,Espanyol,38,38,3420,0,0,2,0,0,1,0,2024-2025,laliga
pablo garcia,FW,Betis,3,0,38,0,0,0,0,2,0,8,2024-2025,laliga
rubén garcía,"FW,MF",Osasuna,36,30,2413,5,5,2,0,37,112,157,2024-2025,laliga
unai garcía,DF,Osasuna,3,1,65,0,0,0,0,0,3,0,2024-2025,laliga
yarek gasiorowski,DF,Valencia,15,9,947,0,0,1,0,9,38,0,2024-2025,laliga
gavi,"MF,FW",Barcelona,26,14,1085,1,1,4,0,13,77,42,2024-2025,laliga
paulo gazzaniga,GK,Girona,36,36,3195,0,0,4,0,0,0,0,2024-2025,laliga
bryan gil,"FW,MF",Girona,25,21,1721,3,3,4,0,76,74,210,2024-2025,laliga
dani gómez,FW,Valencia,14,5,532,2,0,0,0,3,6,24,2024-2025,laliga
player,Pos,Squad,MP,Starts,Min,Gls,Ast,CrdY,CrdR,PrgC,PrgP,PrgR,2024-2025,laliga
moi gómez,"MF,FW",Osasuna,26,6,796,0,0,1,0,13,49,16,2024-2025,laliga
sergi gómez,DF,Espanyol,12,6,664,0,0,1,0,0,8,1,2024-2025,laliga
sergio gómez,"MF,DF",Real Sociedad,37,31,2738,2,5,4,0,43,93,154,2024-2025,laliga
unai gómez,"MF,FW",Athletic Club,32,14,1284,1,3,1,0,19,23,49,2024-2025,laliga
fabio gonzález,MF,Las Palmas,2,0,53,0,0,0,0,0,6,0,2024-2025,laliga
peter gonzález,"MF,FW",Getafe,17,2,477,0,0,1,0,8,6,33,2024-2025,laliga
urko gonzález,MF,Espanyol,17,16,1374,0,2,2,0,18,62,8,2024-2025,laliga
urko gonzález,MF,Real Sociedad,1,1,45,0,0,1,0,0,1,0,2024-2025,laliga
andoni gorosabel,DF,Athletic Club,20,17,1485,0,2,5,0,17,51,59,2024-2025,laliga
josé gragera,MF,Espanyol,10,7,569,0,0,0,0,1,14,3,2024-2025,laliga
dominik greif,GK,Mallorca,31,31,2790,0,0,1,0,0,0,0,2024-2025,laliga
antoine griezmann,"FW,MF",Atlético Madrid,38,29,2469,8,7,2,0,46,143,177,2024-2025,laliga
florian grillitsch,MF,Valladolid,13,7,623,0,0,1,0,9,38,7,2024-2025,laliga
vicente guaita,GK,Celta Vigo,34,34,3060,0,0,0,0,0,1,0,2024-2025,laliga
sergi guardiola,FW,Rayo Vallecano,16,1,362,0,0,1,0,2,3,22,2024-2025,laliga
nemanja gudelj,"MF,DF",Sevilla,31,27,2493,1,1,6,0,14,64,5,2024-2025,laliga
javier guerra,MF,Valencia,36,31,2581,3,3,5,0,50,137,84,2024-2025,laliga
ander guevara,MF,Alavés,33,20,1947,0,1,3,0,14,112,19,2024-2025,laliga
pape gueye,MF,Villarreal,34,26,2224,4,0,6,2,36,156,69,2024-2025,laliga
hugo guillamón,MF,Valencia,12,4,364,0,0,2,0,0,15,5,2024-2025,laliga
carlos guirao,MF,Betis,2,2,110,0,0,0,0,1,2,2,2024-2025,laliga
arda güler,"MF,FW",Real Madrid,28,14,1250,3,4,1,0,34,93,86,2024-2025,laliga
gerard gumbau,MF,Rayo Vallecano,22,7,849,0,1,4,0,2,41,21,2024-2025,laliga
jon guridi,"MF,FW",Alavés,33,27,2080,3,1,6,0,27,79,90,2024-2025,laliga
gorka guruzeta,FW,Athletic Club,36,21,1840,7,2,2,0,8,31,64,2024-2025,laliga
player,Pos,Squad,MP,Starts,Min,Gls,Ast,CrdY,CrdR,PrgC,PrgP,PrgR,2024-2025,laliga
miguel gutiérrez,"DF,MF",Girona,29,29,2458,1,5,4,0,63,103,199,2024-2025,laliga
munir el haddadi,"FW,MF",Leganés,25,10,862,4,0,1,1,11,29,42,2024-2025,laliga
sébastien haller,FW,Leganés,8,5,404,0,0,0,0,3,4,14,2024-2025,laliga
henrique,DF,Valladolid,5,4,352,0,0,0,0,2,12,4,2024-2025,laliga
javi hernández,DF,Leganés,31,27,2389,2,1,6,0,40,80,90,2024-2025,laliga
aridane hernández,DF,Rayo Vallecano,14,11,1025,0,0,1,0,2,38,0,2024-2025,laliga
jorge herrando,DF,Osasuna,18,15,1366,1,0,3,0,7,38,1,2024-2025,laliga
ander herrera,MF,Athletic Club,8,2,273,0,0,2,0,2,16,5,2024-2025,laliga
sergio herrera,GK,Osasuna,37,37,3330,0,0,5,0,0,2,0,2024-2025,laliga
yangel herrera,MF,Girona,29,27,2257,4,3,10,1,31,110,99,2024-2025,laliga
juan herzog,DF,Las Palmas,19,15,1315,0,0,1,0,0,27,1,2024-2025,laliga
omar el hilali,DF,Espanyol,36,36,3153,0,2,11,0,35,84,61,2024-2025,laliga
roger hinojo,DF,Espanyol,1,0,9,0,0,0,0,1,0,2,2024-2025,laliga
dinko horkaš,GK,Las Palmas,13,11,1085,0,0,1,0,0,2,0,2024-2025,laliga
pablo ibáñez,MF,Osasuna,28,13,1294,1,1,4,0,21,51,31,2024-2025,laliga
stanis idumbo,"FW,MF",Sevilla,14,3,284,1,1,0,0,10,8,20,2024-2025,laliga
iglesias,DF,Getafe,37,32,2888,0,1,4,0,32,84,67,2024-2025,laliga
borja iglesias,FW,Celta Vigo,37,24,1952,11,3,2,0,22,28,108,2024-2025,laliga
kelechi iheanacho,FW,Sevilla,9,5,400,0,0,0,0,6,5,17,2024-2025,laliga
isco,MF,Betis,22,17,1547,9,8,5,0,38,152,112,2024-2025,laliga
diego iturralde,FW,Sevilla,1,1,37,0,0,0,0,0,0,1,2024-2025,laliga
ivan jaime pajuelo,MF,Valencia,9,2,297,0,0,0,0,8,15,14,2024-2025,laliga
karl jakob hein,GK,Valladolid,31,31,2790,0,0,0,0,0,0,0,2024-2025,laliga
adnan januzaj,"MF,FW",Las Palmas,18,5,598,2,1,5,0,24,41,58,2024-2025,laliga
mikel jauregizar,MF,Athletic Club,34,25,2244,2,1,4,1,14,118,31,2024-2025,laliga
player,Pos,Squad,MP,Starts,Min,Gls,Ast,CrdY,CrdR,PrgC,PrgP,PrgR,2024-2025,laliga
john joe,"MF,FW",Getafe,4,0,48,0,0,1,0,1,0,6,2024-2025,laliga
jofre,"MF,FW",Espanyol,37,26,2165,3,3,5,0,65,48,156,2024-2025,laliga
frenkie de jong,MF,Barcelona,26,9,1143,2,2,3,0,36,120,24,2024-2025,laliga
joan jordán,MF,Alavés,25,15,1414,5,2,4,0,7,104,35,2024-2025,laliga
juanmi,"FW,MF",Getafe,13,8,696,0,0,2,0,6,8,28,2024-2025,laliga
juanmi,"FW,MF",Betis,11,2,244,0,0,2,0,4,4,18,2024-2025,laliga
juanpe,DF,Girona,12,8,727,0,0,2,0,2,26,0,2024-2025,laliga
luiz lúcio reis júnior,GK,Villarreal,17,16,1458,0,0,2,0,0,0,0,2024-2025,laliga
vinicius júnior,FW,Real Madrid,30,24,2253,11,8,8,1,169,85,256,2024-2025,laliga
stanko jurić,MF,Valladolid,26,19,1729,0,0,7,1,5,57,8,2024-2025,laliga
willy kambwala,DF,Villarreal,19,12,1117,0,0,1,1,2,16,0,2024-2025,laliga
abdoulaye keita,"FW,MF",Getafe,3,1,95,0,0,0,0,1,2,4,2024-2025,laliga
kenedy,"MF,FW",Valladolid,2,0,9,0,0,0,0,1,0,2,2024-2025,laliga
kiké,FW,Alavés,35,29,2542,13,0,5,1,25,50,158,2024-2025,laliga
koke,MF,Atlético Madrid,32,20,1926,1,1,4,0,22,132,18,2024-2025,laliga
jules koundé,DF,Barcelona,32,29,2605,2,3,4,0,44,165,190,2024-2025,laliga
alex král,MF,Espanyol,37,29,2714,0,1,1,0,49,78,79,2024-2025,laliga
ladislav krejčí,DF,Girona,28,27,2440,2,0,9,0,29,144,6,2024-2025,laliga
takefusa kubo,"MF,FW",Real Sociedad,36,27,2372,5,0,5,0,133,110,218,2024-2025,laliga
marash kumbulla,DF,Espanyol,35,34,2972,3,0,9,0,11,71,3,2024-2025,laliga
luca de la torre,MF,Celta Vigo,1,0,4,0,0,0,0,0,0,0,2024-2025,laliga
yoel lago,DF,Celta Vigo,8,7,583,0,1,2,0,1,31,0,2024-2025,laliga
cyle larin,FW,Mallorca,32,21,1764,7,2,4,0,20,20,95,2024-2025,laliga
juanmi latasa,FW,Valladolid,28,14,1398,3,0,6,1,3,17,40,2024-2025,laliga
toni lato,DF,Mallorca,14,7,621,0,0,1,1,15,26,35,2024-2025,laliga
player,Pos,Squad,MP,Starts,Min,Gls,Ast,CrdY,CrdR,PrgC,PrgP,PrgR,2024-2025,laliga
robin le normand,DF,Atlético Madrid,27,24,2151,1,0,8,0,11,55,6,2024-2025,laliga
florian lejeune,DF,Rayo Vallecano,37,37,3325,2,3,8,0,21,143,5,2024-2025,laliga
iñigo lekue,DF,Athletic Club,16,8,773,0,0,1,0,13,35,21,2024-2025,laliga
thomas lemar,MF,Atlético Madrid,5,0,85,0,0,0,0,1,8,4,2024-2025,laliga
clément lenglet,DF,Atlético Madrid,23,23,1972,2,1,9,0,16,79,1,2024-2025,laliga
robert lewandowski,FW,Barcelona,34,32,2667,27,2,1,0,27,48,164,2024-2025,laliga
samuel lino,"MF,DF",Atlético Madrid,31,21,1552,3,4,3,0,72,73,179,2024-2025,laliga
javier llabrés,FW,Mallorca,1,1,57,0,0,0,0,3,3,8,2024-2025,laliga
diego llorente,DF,Betis,30,29,2519,2,0,4,0,7,81,3,2024-2025,laliga
marcos llorente,"DF,MF",Atlético Madrid,33,28,2513,2,4,0,1,82,111,151,2024-2025,laliga
giovani lo celso,"MF,FW",Betis,25,15,1457,8,3,4,0,26,132,66,2024-2025,laliga
enzo loiodice,MF,Las Palmas,17,7,684,0,0,3,0,3,31,3,2024-2025,laliga
david lópez,DF,Mallorca,2,2,169,0,0,0,0,0,4,0,2024-2025,laliga
david lópez,DF,Girona,29,27,2429,1,1,4,0,17,132,7,2024-2025,laliga
diego lópez,"MF,FW",Valencia,38,35,2737,8,5,3,0,76,85,219,2024-2025,laliga
fer lópez,"FW,MF",Celta Vigo,17,7,671,2,0,2,0,27,43,58,2024-2025,laliga
fermin lópez,"MF,FW",Barcelona,28,12,1252,6,5,4,1,31,79,108,2024-2025,laliga
javi lópez,DF,Real Sociedad,29,21,1936,0,0,4,0,36,73,64,2024-2025,laliga
pau lópez,GK,Girona,1,0,45,0,0,0,0,0,0,0,2024-2025,laliga
roberto lópez,MF,Leganés,13,3,396,0,1,0,0,3,20,11,2024-2025,laliga
unai lópez,MF,Rayo Vallecano,32,23,1707,3,1,9,1,22,112,40,2024-2025,laliga
iker losada,"FW,MF",Celta Vigo,12,4,358,1,0,2,0,9,17,23,2024-2025,laliga
iker losada,"MF,FW",Betis,10,3,336,0,0,0,0,9,14,16,2024-2025,laliga
pol lozano,MF,Espanyol,30,27,1943,0,1,12,0,18,115,12,2024-2025,laliga
josé luis gayà,DF,Valencia,23,22,1803,0,1,7,0,29,59,156,2024-2025,laliga
player,Pos,Squad,MP,Starts,Min,Gls,Ast,CrdY,CrdR,PrgC,PrgP,PrgR,2024-2025,laliga
dodi lukebakio,FW,Sevilla,38,36,3092,11,2,3,1,131,93,247,2024-2025,laliga
daniel luna,MF,Mallorca,2,0,20,0,0,0,0,1,0,2,2024-2025,laliga
andriy lunin,GK,Real Madrid,7,7,630,0,1,0,0,0,0,0,2024-2025,laliga
darwin machís,"MF,FW",Valladolid,18,7,639,0,1,0,0,17,19,43,2024-2025,laliga
pablo maffeo,DF,Mallorca,30,28,2368,0,2,7,0,46,74,122,2024-2025,laliga
jon magunazelaia,MF,Real Sociedad,2,0,7,0,0,0,0,0,1,0,2024-2025,laliga
giorgi mamardashvili,GK,Valencia,34,34,3060,0,0,2,0,1,0,0,2024-2025,laliga
reinildo mandava,DF,Atlético Madrid,19,10,941,0,0,4,0,14,34,15,2024-2025,laliga
javier manquillo,DF,Celta Vigo,10,7,515,0,0,1,0,3,24,5,2024-2025,laliga
marcão,DF,Sevilla,12,6,552,0,0,6,1,0,19,1,2024-2025,laliga
óscar de marcos,DF,Athletic Club,26,17,1564,0,4,0,0,26,102,78,2024-2025,laliga
alberto marí,FW,Valencia,1,0,7,0,0,0,0,0,1,2,2024-2025,laliga
josé maría giménez,DF,Atlético Madrid,27,20,1999,0,1,5,0,3,64,1,2024-2025,laliga
arkaitz mariezkurrena,"FW,MF",Real Sociedad,9,1,241,2,0,1,0,3,4,12,2024-2025,laliga
pablo marín,MF,Real Sociedad,23,14,1239,1,2,3,0,20,45,47,2024-2025,laliga
mika mármol,DF,Las Palmas,30,27,2399,0,1,5,0,33,106,62,2024-2025,laliga
mario maroto,MF,Valladolid,2,0,64,0,1,0,0,0,2,0,2024-2025,laliga
unai marrero,GK,Real Sociedad,2,2,180,0,0,0,0,0,0,0,2024-2025,laliga
carlos martín,"FW,MF",Alavés,26,16,1333,2,2,3,0,13,21,67,2024-2025,laliga
diego martín,FW,Las Palmas,2,0,40,0,0,0,0,1,2,5,2024-2025,laliga
gerard martín,DF,Barcelona,28,11,1038,1,3,2,0,10,40,122,2024-2025,laliga
iván martín,MF,Girona,32,24,2039,1,1,1,0,57,131,76,2024-2025,laliga
jon martin,DF,Real Sociedad,13,6,904,0,1,2,0,4,34,0,2024-2025,laliga
mario martín,MF,Valladolid,30,20,1748,0,1,8,3,18,66,22,2024-2025,laliga
arnau martinez,"DF,MF",Girona,32,30,2624,2,2,3,0,41,162,102,2024-2025,laliga
player,Pos,Squad,MP,Starts,Min,Gls,Ast,CrdY,CrdR,PrgC,PrgP,PrgR,2024-2025,laliga
iñigo martínez,DF,Barcelona,28,28,2490,0,4,5,0,70,260,11,2024-2025,laliga
javi martínez,MF,Osasuna,1,0,6,0,0,0,0,0,1,0,2024-2025,laliga
ramón martínez,DF,Sevilla,5,2,261,1,0,0,0,1,5,2,2024-2025,laliga
toni martínez,FW,Alavés,28,9,1012,4,0,1,0,13,11,57,2024-2025,laliga
javi martón,"FW,MF",Athletic Club,3,0,53,0,0,1,0,0,0,3,2024-2025,laliga
marvin,"DF,FW",Las Palmas,23,9,1038,0,0,4,0,29,30,72,2024-2025,laliga
omar mascarell,MF,Mallorca,32,21,1992,1,0,5,1,10,75,12,2024-2025,laliga
jaime mata,"FW,MF",Las Palmas,30,4,656,0,0,9,0,6,10,48,2024-2025,laliga
borja mayoral,FW,Getafe,24,7,1114,5,1,0,0,10,13,43,2024-2025,laliga
kylian mbappé,FW,Real Madrid,34,34,2907,31,3,3,1,150,140,386,2024-2025,laliga
oliver mcburnie,FW,Las Palmas,34,20,1837,3,6,3,0,7,27,75,2024-2025,laliga
scott mckenna,DF,Las Palmas,29,28,2466,0,0,5,1,11,45,3,2024-2025,laliga
mateo mejía,FW,Sevilla,1,0,11,0,0,0,0,0,0,0,2024-2025,laliga
arthur melo,MF,Girona,15,10,941,0,0,2,0,24,70,17,2024-2025,laliga
brais méndez,MF,Real Sociedad,27,19,1531,3,2,4,0,32,91,86,2024-2025,laliga
ferland mendy,DF,Real Madrid,14,12,1005,0,1,1,1,12,36,40,2024-2025,laliga
nobel mendy,DF,Betis,2,1,108,0,0,1,0,0,3,0,2024-2025,laliga
víctor meseguer,MF,Valladolid,14,2,418,0,0,1,0,2,22,22,2024-2025,laliga
miguel,FW,Leganés,34,17,1724,1,3,3,0,14,16,90,2024-2025,laliga
éder militão,DF,Real Madrid,12,11,938,1,1,2,0,7,46,1,2024-2025,laliga
luis milla,MF,Getafe,33,32,2875,1,4,6,0,32,152,30,2024-2025,laliga
pere milla,"MF,FW",Espanyol,20,1,456,3,0,3,0,9,13,27,2024-2025,laliga
óscar mingueza,"MF,DF",Celta Vigo,34,31,2729,4,6,6,1,69,200,194,2024-2025,laliga
kim minsu,"MF,FW",Girona,3,0,22,0,0,0,0,0,0,2,2024-2025,laliga
bojan miovski,FW,Girona,17,12,869,2,1,0,0,4,4,33,2024-2025,laliga
player,Pos,Squad,MP,Starts,Min,Gls,Ast,CrdY,CrdR,PrgC,PrgP,PrgR,2024-2025,laliga
rafa mir,"FW,MF",Valencia,20,5,753,1,2,4,0,10,20,28,2024-2025,laliga
luka modrić,MF,Real Madrid,35,17,1827,2,6,7,0,62,208,63,2024-2025,laliga
johan mojica,DF,Mallorca,36,30,2755,1,2,5,0,66,130,142,2024-2025,laliga
alberto moleiro,"FW,MF",Las Palmas,35,32,2714,6,1,5,0,97,116,179,2024-2025,laliga
nahuel molina,DF,Atlético Madrid,30,17,1590,0,3,1,0,35,61,96,2024-2025,laliga
jon moncayola,MF,Osasuna,32,26,2099,0,0,8,0,25,107,51,2024-2025,laliga
gonzalo montiel,"DF,MF",Sevilla,6,1,113,0,0,1,0,3,2,3,2024-2025,laliga
gerard moreno,FW,Villarreal,17,6,721,3,2,0,0,19,53,60,2024-2025,laliga
xavier moreno,FW,Valladolid,1,1,45,0,0,0,0,1,1,5,2024-2025,laliga
mateu morey,DF,Mallorca,16,8,741,0,0,1,0,17,17,32,2024-2025,laliga
ilaix moriba,MF,Celta Vigo,33,22,2132,1,1,9,1,34,119,64,2024-2025,laliga
manu morlanes,MF,Mallorca,23,15,1338,0,0,7,0,16,88,39,2024-2025,laliga
raúl moro,"MF,FW",Valladolid,33,26,2341,4,5,2,0,112,81,190,2024-2025,laliga
cristhian mosquera,DF,Valencia,37,37,3319,1,0,6,0,35,123,6,2024-2025,laliga
santiago mouriño,DF,Alavés,25,20,1849,0,1,7,0,14,46,1,2024-2025,laliga
abdul mumin,DF,Rayo Vallecano,24,24,2017,2,1,6,1,12,40,6,2024-2025,laliga
aihen muñoz,DF,Real Sociedad,21,13,1098,0,0,5,0,26,38,28,2024-2025,laliga
álex muñoz,DF,Las Palmas,21,18,1415,3,0,3,0,15,45,53,2024-2025,laliga
iker muñoz,MF,Osasuna,23,4,610,0,1,2,0,6,24,10,2024-2025,laliga
javier muñoz,"MF,DF",Las Palmas,35,28,2588,1,3,5,0,36,108,91,2024-2025,laliga
víctor muñoz,"FW,DF",Real Madrid,2,0,36,0,0,0,0,3,0,9,2024-2025,laliga
vedat muriqi,FW,Mallorca,29,24,2058,7,2,1,2,23,30,103,2024-2025,laliga
juan musso,GK,Atlético Madrid,2,2,180,0,0,0,0,0,0,0,2024-2025,laliga
matija nastasić,DF,Leganés,26,24,2110,1,0,3,0,1,59,0,2024-2025,laliga
natan,DF,Betis,31,23,2175,1,1,5,1,12,52,6,2024-2025,laliga
player,Pos,Squad,MP,Starts,Min,Gls,Ast,CrdY,CrdR,PrgC,PrgP,PrgR,2024-2025,laliga
pau navarro,DF,Villarreal,17,8,916,0,0,1,0,3,40,7,2024-2025,laliga
roberto navarro,"MF,FW",Mallorca,23,15,1278,1,0,3,0,45,51,85,2024-2025,laliga
jesús navas,"FW,MF",Sevilla,15,3,424,1,0,0,0,13,23,48,2024-2025,laliga
yvan neyou,MF,Leganés,30,27,2312,1,1,14,0,24,96,30,2024-2025,laliga
tanguy nianzou,DF,Sevilla,6,6,518,0,0,3,1,4,10,0,2024-2025,laliga
saúl ñíguez,MF,Sevilla,24,17,1553,1,6,8,1,13,66,39,2024-2025,laliga
tamás nikitscher,"MF,DF",Valladolid,13,9,858,0,0,2,0,2,13,7,2024-2025,laliga
adrian niño,FW,Atlético Madrid,1,0,12,0,0,0,0,0,0,1,2024-2025,laliga
hugo novoa,"DF,MF",Alavés,5,2,237,0,0,0,0,7,2,10,2024-2025,laliga
randy nteka,FW,Rayo Vallecano,24,16,1129,3,0,6,0,10,8,44,2024-2025,laliga
unai núñez,DF,Athletic Club,10,7,645,0,0,4,0,2,26,0,2024-2025,laliga
ørjan nyland,GK,Sevilla,30,30,2673,0,0,2,0,0,1,0,2024-2025,laliga
allan nyom,"DF,MF",Getafe,20,10,887,1,2,4,0,5,22,21,2024-2025,laliga
jan oblak,GK,Atlético Madrid,36,36,3240,0,0,0,0,0,0,0,2024-2025,laliga
lucas ocampos,FW,Sevilla,2,2,175,0,1,0,0,5,7,20,2024-2025,laliga
álvaro odriozola,DF,Real Sociedad,2,0,43,0,0,1,0,0,3,0,2024-2025,laliga
thiago ojeda,MF,Villarreal,1,0,8,0,0,1,0,1,2,0,2024-2025,laliga
aingeru olabarrieta,FW,Athletic Club,1,1,54,0,0,0,0,2,1,3,2024-2025,laliga
olasagasti,MF,Real Sociedad,22,7,857,1,1,2,0,11,38,41,2024-2025,laliga
brian oliván,DF,Espanyol,17,12,1017,0,1,2,0,21,40,57,2024-2025,laliga
lucas oliveira rosa,DF,Valladolid,21,21,1890,0,1,6,0,31,50,74,2024-2025,laliga
dani olmo,"MF,FW",Barcelona,25,13,1212,10,3,1,0,33,81,97,2024-2025,laliga
aimar oroz,MF,Osasuna,37,35,2966,5,4,8,0,74,163,142,2024-2025,laliga
ángel ortíz,DF,Betis,5,4,353,0,1,0,0,4,15,20,2024-2025,laliga
gabriel osei misehouy,"FW,MF",Girona,9,1,257,1,0,0,0,5,15,22,2024-2025,laliga
player,Pos,Squad,MP,Starts,Min,Gls,Ast,CrdY,CrdR,PrgC,PrgP,PrgR,2024-2025,laliga
david otorbi,MF,Valencia,1,0,14,0,0,0,0,1,0,0,2024-2025,laliga
jesús owono,GK,Alavés,6,5,487,0,0,0,0,0,0,0,2024-2025,laliga
mikel oyarzabal,FW,Real Sociedad,35,28,2250,9,3,4,1,31,28,133,2024-2025,laliga
cenk özkacar,DF,Valladolid,11,8,757,0,0,1,0,2,15,0,2024-2025,laliga
jon pacheco,DF,Real Sociedad,14,9,854,0,0,3,0,12,27,0,2024-2025,laliga
alex padilla,GK,Athletic Club,5,3,321,0,0,0,0,0,0,0,2024-2025,laliga
isaac palazón camacho,"MF,FW",Rayo Vallecano,35,25,2162,4,4,5,0,30,117,123,2024-2025,laliga
aitor paredes,DF,Athletic Club,23,21,1812,3,0,4,1,4,46,2,2024-2025,laliga
daniel parejo,MF,Villarreal,36,26,2273,3,3,8,0,19,176,26,2024-2025,laliga
iago parente,DF,Valladolid,1,1,71,0,0,0,0,0,4,1,2024-2025,laliga
álvaro pascual,FW,Sevilla,8,4,408,1,0,1,0,4,3,27,2024-2025,laliga
alfonso pedraza,"DF,MF",Villarreal,12,4,460,0,2,0,0,21,9,43,2024-2025,laliga
pedri,MF,Barcelona,37,35,2879,4,5,3,0,92,360,136,2024-2025,laliga
adrià pedrosa,DF,Sevilla,31,27,2298,1,1,7,0,41,79,96,2024-2025,laliga
pejiño,FW,Las Palmas,1,0,16,0,0,0,0,1,1,2,2024-2025,laliga
andy pelmard,DF,Las Palmas,4,2,205,0,0,1,0,1,13,5,2024-2025,laliga
iñaki peña,GK,Barcelona,16,15,1396,0,0,1,0,0,3,0,2024-2025,laliga
rubén peña,"FW,DF",Osasuna,25,7,775,0,0,1,0,18,27,57,2024-2025,laliga
nicolas pépé,"FW,MF",Villarreal,28,15,1500,3,6,3,0,76,60,159,2024-2025,laliga
peque,"MF,FW",Sevilla,26,14,1134,1,1,1,0,14,35,44,2024-2025,laliga
ayoze pérez,FW,Villarreal,30,22,1970,19,2,4,0,59,73,124,2024-2025,laliga
carles pérez,"MF,FW",Getafe,27,15,1431,3,0,2,0,31,20,77,2024-2025,laliga
francisco perez,"FW,MF",Valencia,26,4,570,0,0,1,0,24,13,71,2024-2025,laliga
kike pérez,MF,Valladolid,19,14,1191,2,0,6,0,19,67,28,2024-2025,laliga
luis pérez,DF,Valladolid,30,28,2558,0,0,2,0,41,89,117,2024-2025,laliga
player,Pos,Squad,MP,Starts,Min,Gls,Ast,CrdY,CrdR,PrgC,PrgP,PrgR,2024-2025,laliga
romain perraud,DF,Betis,28,22,2002,2,2,8,1,51,62,106,2024-2025,laliga
valentín pezzolesi,DF,Las Palmas,1,0,6,0,0,0,0,0,0,0,2024-2025,laliga
pica,DF,Alavés,9,5,499,0,0,1,0,3,15,0,2024-2025,laliga
yeremi pino,"MF,FW",Villarreal,34,25,1934,4,7,11,0,42,66,213,2024-2025,laliga
portu,"FW,MF",Girona,27,6,779,1,2,4,0,20,16,79,2024-2025,laliga
beñat prados,MF,Athletic Club,30,21,1715,1,0,7,0,20,78,32,2024-2025,laliga
abdón prats,"FW,MF",Mallorca,24,3,456,2,0,4,0,0,7,14,2024-2025,laliga
javi puado,"FW,MF",Espanyol,35,35,2974,12,4,8,0,73,75,113,2024-2025,laliga
dani raba,"FW,MF",Leganés,29,24,1879,8,6,6,0,42,69,101,2024-2025,laliga
arnau rafús,GK,Valladolid,1,1,90,0,0,0,0,0,0,0,2024-2025,laliga
antonio raillo,DF,Mallorca,36,36,3207,2,0,7,1,31,108,20,2024-2025,laliga
benito ramírez,"DF,FW",Las Palmas,19,2,478,0,0,2,1,14,16,62,2024-2025,laliga
sandro ramírez,"FW,MF",Las Palmas,31,25,2034,9,3,6,0,52,52,121,2024-2025,laliga
jacobo ramón,DF,Real Madrid,3,2,204,1,0,1,0,0,1,2,2024-2025,laliga
raphinha,"FW,MF",Barcelona,36,32,2839,18,9,4,0,94,135,349,2024-2025,laliga
andrei ratiu,DF,Rayo Vallecano,35,34,3065,2,3,5,0,122,145,167,2024-2025,laliga
raúl,"FW,MF",Osasuna,32,5,750,4,0,1,0,10,16,49,2024-2025,laliga
abderrahman rebbach,"FW,MF",Alavés,8,4,385,0,0,1,0,16,5,34,2024-2025,laliga
álex remiro,GK,Real Sociedad,36,36,3240,0,0,0,0,0,1,0,2024-2025,laliga
daniel requena,MF,Villarreal,1,0,10,0,0,0,0,0,0,1,2024-2025,laliga
diego rico,DF,Getafe,33,32,2819,0,3,9,1,27,136,84,2024-2025,laliga
luis rioja,FW,Alavés,1,0,23,0,0,0,0,4,1,3,2024-2025,laliga
luis rioja,"MF,FW",Valencia,36,33,2831,5,3,6,0,93,103,228,2024-2025,laliga
rodrigo riquelme,"MF,DF",Atlético Madrid,16,4,516,0,1,0,0,43,24,62,2024-2025,laliga
alberto risco,"MF,FW",Getafe,5,0,69,0,0,0,0,3,3,6,2024-2025,laliga
player,Pos,Squad,MP,Starts,Min,Gls,Ast,CrdY,CrdR,PrgC,PrgP,PrgR,2024-2025,laliga
mihailo ristić,"DF,MF",Celta Vigo,10,6,429,0,1,1,0,8,10,11,2024-2025,laliga
gorka rivera alonso,"DF,MF",Getafe,1,0,20,0,0,0,0,0,1,0,2024-2025,laliga
marc roca,MF,Betis,14,11,906,2,2,4,0,11,59,13,2024-2025,laliga
rodri,FW,Betis,3,1,118,0,0,0,0,4,8,11,2024-2025,laliga
adrian rodriguez,GK,Alavés,2,1,122,0,0,1,0,0,0,0,2024-2025,laliga
álvaro rodríguez,FW,Getafe,22,7,852,2,0,6,0,6,13,50,2024-2025,laliga
óscar rodríguez arnaiz,"MF,FW",Leganés,29,12,1330,1,4,6,1,24,60,66,2024-2025,laliga
arturo rodríguez,FW,Las Palmas,1,0,21,0,0,0,0,1,0,2,2024-2025,laliga
damián rodríguez,MF,Celta Vigo,17,10,927,0,0,3,0,8,71,12,2024-2025,laliga
dani rodríguez,"MF,FW",Mallorca,37,26,2162,4,7,5,0,37,78,108,2024-2025,laliga
daniel rodriguez,FW,Barcelona,1,1,37,0,0,0,0,4,2,9,2024-2025,laliga
james rodríguez,"MF,FW",Rayo Vallecano,6,1,140,0,0,1,0,3,13,7,2024-2025,laliga
javi rodríguez,DF,Celta Vigo,36,26,2514,3,2,7,0,29,114,51,2024-2025,laliga
jesus rodríguez,FW,Betis,21,15,1111,2,0,0,0,53,35,99,2024-2025,laliga
kirian rodríguez,MF,Las Palmas,21,21,1758,0,3,2,0,25,128,39,2024-2025,laliga
ricardo rodríguez,DF,Betis,18,15,1274,0,1,0,0,19,63,32,2024-2025,laliga
rodrygo,"FW,MF",Real Madrid,30,22,1928,6,5,0,0,113,108,253,2024-2025,laliga
leo román,GK,Mallorca,7,7,630,0,0,0,0,0,0,0,2024-2025,laliga
carlos romero,DF,Espanyol,34,28,2554,2,1,7,0,50,64,113,2024-2025,laliga
isaac romero,FW,Sevilla,31,26,2156,4,2,10,1,21,29,95,2024-2025,laliga
luka romero,"FW,MF",Alavés,6,2,199,0,0,0,0,3,0,12,2024-2025,laliga
oriol romeu,MF,Girona,25,17,1356,0,0,5,0,22,73,8,2024-2025,laliga
vitor roque,FW,Betis,22,14,1235,4,0,4,0,24,17,57,2024-2025,laliga
valentin rosier,DF,Leganés,32,28,2595,1,2,8,0,41,74,89,2024-2025,laliga
antonio rüdiger,DF,Real Madrid,29,26,2291,0,0,3,0,20,94,4,2024-2025,laliga
player,Pos,Squad,MP,Starts,Min,Gls,Ast,CrdY,CrdR,PrgC,PrgP,PrgR,2024-2025,laliga
aitor ruibal,"DF,FW",Betis,29,13,1313,1,3,5,0,21,50,64,2024-2025,laliga
abel ruiz,FW,Girona,23,17,1346,4,0,3,0,21,23,71,2024-2025,laliga
ferrán ruiz,MF,Girona,1,0,18,0,0,0,0,0,1,0,2024-2025,laliga
youssouf sabaly,DF,Betis,22,20,1581,0,1,1,0,25,62,63,2024-2025,laliga
umar sadiq,FW,Valencia,16,9,825,5,0,4,0,9,7,49,2024-2025,laliga
umar sadiq,FW,Real Sociedad,7,2,227,0,0,1,0,5,5,18,2024-2025,laliga
jorge sáenz,DF,Leganés,23,19,1690,1,0,4,1,5,36,2,2024-2025,laliga
jan salas,"MF,FW",Mallorca,4,0,43,0,0,0,0,1,4,4,2024-2025,laliga
kike salas,DF,Sevilla,31,25,2238,3,2,6,0,7,59,18,2024-2025,laliga
albert sambi lokonga,MF,Sevilla,22,16,1471,0,2,4,0,24,93,20,2024-2025,laliga
chuky san jose,MF,Valladolid,18,9,728,2,0,1,0,6,15,27,2024-2025,laliga
oihan sancet,MF,Athletic Club,29,19,1620,15,1,2,0,52,90,115,2024-2025,laliga
antonio sánchez,"MF,DF",Mallorca,33,12,1395,0,0,3,0,18,38,53,2024-2025,laliga
iván sánchez,"MF,FW",Valladolid,32,11,1404,2,1,4,0,60,77,93,2024-2025,laliga
javi sánchez,DF,Valladolid,25,25,2026,2,0,6,0,4,34,4,2024-2025,laliga
juanlu sánchez,"MF,DF",Sevilla,32,18,1722,4,4,6,1,44,68,83,2024-2025,laliga
manu sánchez,DF,Alavés,33,30,2634,1,0,6,1,47,78,97,2024-2025,laliga
maroan sannadi,FW,Athletic Club,16,7,754,1,1,0,0,21,15,67,2024-2025,laliga
jesús santiago,MF,Getafe,19,4,372,0,0,5,0,4,16,4,2024-2025,laliga
aleksandar sedlar,DF,Alavés,9,7,594,0,0,1,1,2,12,1,2024-2025,laliga
sergi,DF,Leganés,36,33,2957,2,0,2,1,3,77,2,2024-2025,laliga
nicolás serrano,FW,Athletic Club,4,1,112,0,0,0,0,2,4,18,2024-2025,laliga
fábio silva,FW,Las Palmas,24,22,1866,10,3,7,0,30,26,119,2024-2025,laliga
rui silva,GK,Betis,15,15,1350,0,0,1,0,0,0,0,2024-2025,laliga
giuliano simeone,MF,Atlético Madrid,33,26,1926,2,6,4,0,69,49,189,2024-2025,laliga
player,Pos,Squad,MP,Starts,Min,Gls,Ast,CrdY,CrdR,PrgC,PrgP,PrgR,2024-2025,laliga
unai simón,GK,Athletic Club,21,21,1890,0,0,0,0,0,0,0,2024-2025,laliga
daley sinkgraven,DF,Las Palmas,2,1,91,0,0,0,0,2,3,7,2024-2025,laliga
jailson siqueira,"DF,MF",Celta Vigo,13,6,614,0,0,2,0,10,43,3,2024-2025,laliga
antonio sivera,GK,Alavés,32,32,2810,0,0,6,1,0,1,0,2024-2025,laliga
justin smith,MF,Espanyol,5,3,209,0,0,0,0,4,6,7,2024-2025,laliga
alex sola,"MF,FW",Getafe,19,13,1029,0,1,4,0,24,23,61,2024-2025,laliga
arnau solà,MF,Villarreal,1,0,13,0,0,0,0,0,0,0,2024-2025,laliga
jhon solis,MF,Girona,19,3,535,1,0,3,0,9,29,15,2024-2025,laliga
david soria,GK,Getafe,38,38,3420,0,0,2,0,0,1,0,2024-2025,laliga
juan soriano,GK,Leganés,6,6,540,0,0,1,1,0,0,0,2024-2025,laliga
hugo sotelo,MF,Celta Vigo,24,15,1254,0,0,5,0,21,83,38,2024-2025,laliga
djibril sow,MF,Sevilla,30,24,2062,2,1,5,0,23,100,50,2024-2025,laliga
carl starfelt,DF,Celta Vigo,28,26,2270,1,0,5,0,11,66,1,2024-2025,laliga
orri steinn óskarsson,FW,Real Sociedad,23,9,944,3,0,1,0,6,9,50,2024-2025,laliga
stoichkov,"MF,FW",Alavés,16,6,699,0,1,1,0,9,26,41,2024-2025,laliga
cristhian stuani,FW,Girona,32,6,1078,11,2,4,0,2,10,36,2024-2025,laliga
álex suárez,DF,Las Palmas,30,30,2460,0,0,12,0,6,53,3,2024-2025,laliga
denis suárez,MF,Villarreal,21,7,608,1,1,0,0,27,35,24,2024-2025,laliga
luka sučić,MF,Real Sociedad,29,21,1792,1,1,4,0,30,79,56,2024-2025,laliga
suso,"FW,MF",Sevilla,16,4,606,0,2,3,0,20,43,74,2024-2025,laliga
williot swedberg,"FW,MF",Celta Vigo,32,15,1348,4,5,1,0,34,28,116,2024-2025,laliga
mamadou sylla,"FW,MF",Valladolid,29,17,1583,5,1,5,0,15,22,52,2024-2025,laliga
wojciech szczęsny,GK,Barcelona,15,15,1350,0,0,0,0,0,0,0,2024-2025,laliga
alexander sørloth,FW,Atlético Madrid,35,15,1566,20,2,4,0,32,31,81,2024-2025,laliga
renato tapia,"MF,DF",Leganés,34,28,2424,1,0,8,0,17,83,20,2024-2025,laliga
player,Pos,Squad,MP,Starts,Min,Gls,Ast,CrdY,CrdR,PrgC,PrgP,PrgR,2024-2025,laliga
césar tárrega,DF,Valencia,34,34,3026,2,0,7,0,20,79,1,2024-2025,laliga
aurélien tchouaméni,"DF,MF",Real Madrid,32,31,2689,0,0,5,0,19,154,13,2024-2025,laliga
álvaro tejero,"MF,DF",Espanyol,28,13,1238,1,4,2,0,27,46,72,2024-2025,laliga
martín tejón,"MF,DF",Valencia,4,0,49,0,0,0,0,0,4,6,2024-2025,laliga
nahuel tenaglia,DF,Alavés,34,33,2922,2,1,11,0,42,103,98,2024-2025,laliga
marc-andré ter stegen,GK,Barcelona,8,8,674,0,0,0,0,0,2,0,2024-2025,laliga
ramón terrats,"MF,FW",Villarreal,11,1,131,0,0,1,0,1,7,3,2024-2025,laliga
ramón terrats,"MF,FW",Getafe,15,15,1219,4,1,1,0,8,36,37,2024-2025,laliga
raúl de tomás,"DF,FW",Rayo Vallecano,2,0,22,0,0,0,0,0,0,2,2024-2025,laliga
pablo torre,"MF,FW",Barcelona,10,4,310,3,1,0,0,5,17,20,2024-2025,laliga
david torres,DF,Valladolid,18,15,1387,0,0,5,0,11,37,3,2024-2025,laliga
ferrán torres,"FW,MF",Barcelona,27,12,1106,10,6,1,1,23,35,98,2024-2025,laliga
lucas torró,MF,Osasuna,35,35,2957,3,0,10,0,10,109,30,2024-2025,laliga
hamari traoré,DF,Real Sociedad,11,9,700,0,1,2,0,12,26,20,2024-2025,laliga
óscar trejo,MF,Rayo Vallecano,19,6,496,1,0,1,0,15,37,28,2024-2025,laliga
viktor tsyhankov,"FW,MF",Girona,27,23,1913,2,5,1,0,62,65,195,2024-2025,laliga
beñat turrientes,MF,Real Sociedad,21,11,942,0,0,4,0,18,42,28,2024-2025,laliga
christantus uche,"FW,MF",Getafe,33,30,2486,4,6,8,2,43,49,148,2024-2025,laliga
naci ünüvar,"MF,DF",Espanyol,2,0,31,0,0,0,0,1,1,4,2024-2025,laliga
óscar valentín,MF,Rayo Vallecano,34,18,1835,0,0,5,0,13,86,8,2024-2025,laliga
germán valera,MF,Valencia,8,1,148,0,0,0,0,1,2,10,2024-2025,laliga
martin valjent,DF,Mallorca,31,31,2763,3,0,4,0,23,91,17,2024-2025,laliga
jesús vallejo,DF,Real Madrid,4,1,138,0,1,0,0,0,5,1,2024-2025,laliga
federico valverde,"MF,DF",Real Madrid,36,34,3032,6,4,4,0,66,226,76,2024-2025,laliga
siebe van der heyden,"DF,MF",Mallorca,2,1,97,0,0,0,0,1,5,1,2024-2025,laliga
player,Pos,Squad,MP,Starts,Min,Gls,Ast,CrdY,CrdR,PrgC,PrgP,PrgR,2024-2025,laliga
ruben vargas,"FW,MF",Sevilla,11,9,671,2,1,0,0,29,14,63,2024-2025,laliga
josé luis garcía vayá,MF,Valencia,34,18,1742,2,2,8,1,13,142,19,2024-2025,laliga
jesus vazquez,DF,Valencia,19,10,919,0,0,3,0,32,21,48,2024-2025,laliga
lucas vázquez,DF,Real Madrid,32,25,2189,1,5,4,0,37,99,194,2024-2025,laliga
alejo véliz,FW,Espanyol,27,10,1127,1,0,3,0,2,8,27,2024-2025,laliga
mikel vesga,MF,Athletic Club,25,10,988,0,0,1,0,10,64,22,2024-2025,laliga
carlos vicente,"FW,MF",Alavés,37,35,3092,5,5,3,0,104,68,226,2024-2025,laliga
pau victor,FW,Barcelona,21,2,319,2,1,2,0,6,11,28,2024-2025,laliga
nacho vidal,DF,Osasuna,5,1,124,0,0,0,0,3,1,5,2024-2025,laliga
fran vieites,GK,Betis,4,4,360,0,0,0,0,0,0,0,2024-2025,laliga
sergio viera,MF,Las Palmas,2,1,96,0,0,1,0,0,2,2,2024-2025,laliga
asier villalibre,FW,Alavés,16,2,333,1,1,2,0,4,7,18,2024-2025,laliga
iván villar,GK,Celta Vigo,4,4,360,0,0,0,0,0,0,0,2024-2025,laliga
viti,DF,Las Palmas,29,23,1982,0,2,5,0,43,44,65,2024-2025,laliga
daniel vivian,DF,Athletic Club,32,28,2608,4,0,3,0,36,185,6,2024-2025,laliga
krapyvtsov vladyslav,GK,Girona,2,2,180,0,0,0,0,0,0,0,2024-2025,laliga
iñaki williams,FW,Athletic Club,35,29,2652,6,8,1,0,107,76,302,2024-2025,laliga
nico williams,FW,Athletic Club,29,22,1996,5,5,1,0,118,69,254,2024-2025,laliga
axel witsel,DF,Atlético Madrid,14,9,852,0,1,1,0,2,21,1,2024-2025,laliga
lamine yamal,FW,Barcelona,35,31,2856,9,13,3,0,181,160,433,2024-2025,laliga
daniel yáñez,FW,Real Madrid,1,0,2,0,0,0,0,0,0,0,2024-2025,laliga
bertuğ yıldırım,FW,Getafe,22,14,1083,1,0,7,0,8,14,48,2024-2025,laliga
arsen zakharyan,"MF,FW",Real Sociedad,3,1,73,1,0,0,0,0,3,4,2024-2025,laliga
bryan zaragoza,"FW,MF",Osasuna,27,22,1836,1,6,4,0,105,50,140,2024-2025,laliga
igor zubeldia,DF,Real Sociedad,28,27,2269,0,0,6,1,22,101,3,2024-2025,laliga
player,Pos,Squad,MP,Starts,Min,Gls,Ast,CrdY,CrdR,PrgC,PrgP,PrgR,2024-2025,laliga
martín zubimendi,MF,Real Sociedad,36,33,2962,2,1,6,0,38,195,43,2024-2025,laliga
