nombre,entradas_1/3,entradas_2/3,entradas_3/3,duelos_ganados,entradas,entradas_ganadas,bloqueos,bloqueos_tiro,bloqueos_pase,temporada,liga
paxten aaronson,2,2,2,66.7,6,5,2,1,1,2022-2023,bundesliga
sargis adamyan,5,3,6,41.2,14,7,12,0,12,2022-2023,bundesliga
karim adeyemi,6,6,4,26.7,16,11,18,1,17,2022-2023,bundesliga
amine adli,4,6,8,29.4,18,10,28,2,26,2022-2023,bundesliga
felix agu,0,1,0,,1,0,1,1,0,2022-2023,bundesliga
naouirou ahamada,7,7,3,40.0,17,11,16,5,11,2022-2023,bundesliga
ludovic ajorque,1,4,1,11.1,6,5,8,2,6,2022-2023,bundesliga
kevin akpoguma,45,27,3,71.1,75,44,45,16,29,2022-2023,bundesliga
lucas alario,1,0,2,0.0,3,2,0,0,0,2022-2023,bundesliga
faride alidou,3,4,1,33.3,8,5,3,0,3,2022-2023,bundesliga
éder álvarez balanta,2,3,0,33.3,5,4,0,0,0,2022-2023,bundesliga
lukáš ambros,1,0,0,25.0,1,0,1,0,1,2022-2023,bundesliga
nadiem amiri,5,8,2,45.0,15,6,12,1,11,2022-2023,bundesliga
robert andrich,30,27,4,57.8,61,38,27,9,18,2022-2023,bundesliga
angeliño,19,18,3,62.2,40,24,32,6,26,2022-2023,bundesliga
waldemar anton,27,19,3,52.9,49,27,44,16,28,2022-2023,bundesliga
christopher antwi-adjei,7,8,8,34.5,23,15,17,0,17,2022-2023,bundesliga
charles aránguiz,7,10,0,60.0,17,7,4,0,4,2022-2023,bundesliga
maximilian arnold,25,28,9,51.9,62,31,34,11,23,2022-2023,bundesliga
takuma asano,4,4,6,43.8,14,9,17,1,16,2022-2023,bundesliga
fisnik asllani,0,0,0,0.0,0,0,2,0,2,2022-2023,bundesliga
mehmet aydin,14,9,2,45.8,25,18,11,0,11,2022-2023,bundesliga
ayman azhil,0,0,0,,0,0,0,0,0,2022-2023,bundesliga
sardar azmoun,1,4,1,14.3,6,3,4,0,4,2022-2023,bundesliga
sanoussy ba,0,0,0,,0,0,0,0,0,2022-2023,bundesliga
mitchel bakker,9,7,0,40.0,16,8,20,2,18,2022-2023,bundesliga
ridle baku,29,17,4,55.2,50,26,44,6,38,2022-2023,bundesliga
aymen barkok,10,5,3,50.0,18,8,7,0,7,2022-2023,bundesliga
leandro barreiro martins,19,28,13,44.9,60,38,38,13,25,2022-2023,bundesliga
gil bastião dias,3,4,1,25.0,8,6,7,0,7,2022-2023,bundesliga
maximilian bauer,18,12,1,50.0,31,17,25,9,16,2022-2023,bundesliga
oliver baumann,0,0,0,,0,0,0,0,0,2022-2023,bundesliga
timo baumgartl,5,4,2,27.8,11,6,12,4,8,2022-2023,bundesliga
julian baumgartlinger,5,6,4,31.6,15,4,4,2,2,2022-2023,bundesliga
christoph baumgartner,12,17,7,17.3,36,19,57,5,52,2022-2023,bundesliga
noah joel sarenren bazee,0,0,0,0.0,0,0,1,0,1,2022-2023,bundesliga
ihlas bebou,8,7,4,64.7,19,16,9,2,7,2022-2023,bundesliga
sheraldo becker,1,7,7,18.2,15,5,13,1,12,2022-2023,bundesliga
kevin behrens,4,4,3,22.2,11,7,18,3,15,2022-2023,bundesliga
stefan bell,32,10,1,50.0,43,28,42,15,27,2022-2023,bundesliga
karim bellarabi,1,1,0,66.7,2,0,0,0,0,2022-2023,bundesliga
jude bellingham,28,34,14,66.7,76,42,51,4,47,2022-2023,bundesliga
ramy bensebaini,21,10,3,66.7,34,21,44,14,30,2022-2023,bundesliga
mergim berisha,4,3,4,28.6,11,6,16,1,15,2022-2023,bundesliga
ermin bičakčić,6,1,1,33.3,8,4,4,3,1,2022-2023,bundesliga
tom bischof,8,3,4,70.0,15,10,5,1,4,2022-2023,bundesliga
leonardo bittencourt,20,25,8,40.3,53,28,13,0,13,2022-2023,bundesliga
janis blaswich,0,0,0,,0,0,0,0,0,2022-2023,bundesliga
daley blind,2,0,0,0.0,2,0,4,2,2,2022-2023,bundesliga
kevin-prince boateng,4,2,2,33.3,8,6,11,3,8,2022-2023,bundesliga
jean-paul boëtius,19,9,2,32.0,30,16,25,5,20,2022-2023,bundesliga
yvandro borges sanches,0,2,0,100.0,2,2,0,0,0,2022-2023,bundesliga
sebastiaan bornauw,17,10,2,72.7,29,17,27,12,15,2022-2023,bundesliga
rafael borré,4,13,8,23.5,25,15,10,2,8,2022-2023,bundesliga
julian brandt,6,14,9,27.9,29,20,23,0,23,2022-2023,bundesliga
fabian bredlow,1,0,0,100.0,1,1,0,0,0,2022-2023,bundesliga
josip brekalo,2,0,0,0.0,2,1,0,0,0,2022-2023,bundesliga
john brooks,10,8,0,72.2,18,12,17,12,5,2022-2023,bundesliga
moritz broschinski,0,0,0,0.0,0,0,1,0,1,2022-2023,bundesliga
cédric brunner,26,11,2,66.7,39,27,24,7,17,2022-2023,bundesliga
jacob bruun larsen,0,1,3,75.0,4,3,3,1,2,2022-2023,bundesliga
lee buchanan,2,11,1,50.0,14,10,5,0,5,2022-2023,bundesliga
marius bülter,8,7,7,37.5,22,11,34,1,33,2022-2023,bundesliga
delano burgzorg,1,1,1,66.7,3,3,2,0,2,2022-2023,bundesliga
jonathan burkardt,0,1,2,25.0,3,1,6,1,5,2022-2023,bundesliga
oliver burke,0,0,1,,1,0,2,0,2,2022-2023,bundesliga
aurélio buta,15,13,5,55.6,33,19,18,1,17,2022-2023,bundesliga
anthony caci,32,20,6,66.7,58,33,28,4,24,2022-2023,bundesliga
kerim calhanoglu,2,0,0,100.0,2,1,1,0,1,2022-2023,bundesliga
daniel caligiuri,5,3,0,80.0,8,5,3,2,1,2022-2023,bundesliga
emre can,25,27,5,51.2,57,28,16,6,10,2022-2023,bundesliga
joão cancelo,9,10,4,43.5,23,14,14,2,12,2022-2023,bundesliga
irvin cardona,1,0,0,20.0,1,1,3,0,3,2022-2023,bundesliga
koen casteels,0,0,0,,0,0,0,0,0,2022-2023,bundesliga
julian chabot,19,14,3,57.1,36,23,30,18,12,2022-2023,bundesliga
timothy chandler,2,0,0,100.0,2,2,1,0,1,2022-2023,bundesliga
fabio chiarodia,0,0,0,,0,0,1,0,1,2022-2023,bundesliga
oliver christensen,1,0,0,0.0,1,0,0,0,0,2022-2023,bundesliga
darko churlinov,2,1,0,66.7,3,2,1,0,1,2022-2023,bundesliga
tolga ciğerci,6,9,1,62.5,16,13,6,2,4,2022-2023,bundesliga
david čolina,1,1,2,100.0,4,1,8,0,8,2022-2023,bundesliga
kingsley coman,3,5,3,41.2,11,8,19,1,18,2022-2023,bundesliga
danny da costa,7,8,5,60.0,20,16,22,3,19,2022-2023,bundesliga
soumaïla coulibaly,0,0,0,,0,0,0,0,0,2022-2023,bundesliga
tanguy coulibaly,9,1,2,41.7,12,9,10,0,10,2022-2023,bundesliga
nicolas cozza,1,2,0,66.7,3,3,3,1,2,2022-2023,bundesliga
moanes dabbur,4,5,2,33.3,11,8,8,0,8,2022-2023,bundesliga
finn dahmen,0,0,0,,0,0,0,0,0,2022-2023,bundesliga
mahmoud dahoud,3,4,4,100.0,11,9,6,2,4,2022-2023,bundesliga
muhammed damar,1,2,3,50.0,6,3,3,0,3,2022-2023,bundesliga
márton dárdai,9,8,0,50.0,17,8,14,9,5,2022-2023,bundesliga
vladimír darida,0,1,0,,1,1,1,0,1,2022-2023,bundesliga
alphonso davies,25,13,7,46.2,45,28,28,4,24,2022-2023,bundesliga
thomas delaney,3,2,1,37.5,6,3,5,0,5,2022-2023,bundesliga
kerem demirbay,16,17,3,52.9,36,18,26,6,20,2022-2023,bundesliga
ermedin demirović,9,12,10,40.9,31,14,31,4,27,2022-2023,bundesliga
sepp van den berg,2,2,1,25.0,5,4,8,5,3,2022-2023,bundesliga
moussa diaby,4,8,2,50.0,14,8,8,0,8,2022-2023,bundesliga
abdou diallo,5,1,0,33.3,6,5,8,5,3,2022-2023,bundesliga
justin diehl,0,0,0,,0,0,0,0,0,2022-2023,bundesliga
florian dietz,0,2,0,25.0,2,1,4,1,3,2022-2023,bundesliga
junior dina ebimbe,16,14,0,48.5,30,19,18,5,13,2022-2023,bundesliga
eren dinkçi,2,1,2,33.3,5,5,2,0,2,2022-2023,bundesliga
ritsu doan,19,29,13,45.5,61,29,40,1,39,2022-2023,bundesliga
danilho doekhi,21,17,0,53.8,38,23,27,12,15,2022-2023,bundesliga
kasper dolberg,1,4,2,66.7,7,5,6,2,4,2022-2023,bundesliga
niklas dorsch,8,11,2,56.3,21,12,9,3,6,2022-2023,bundesliga
dion drena beljo,3,2,2,15.4,7,6,15,2,13,2022-2023,bundesliga
dominick drexler,12,10,3,40.9,25,17,18,2,16,2022-2023,bundesliga
marvin ducksch,2,4,2,18.8,8,3,13,2,11,2022-2023,bundesliga
ondrej duda,2,5,2,36.4,9,8,7,1,6,2022-2023,bundesliga
julien duranville,0,1,0,100.0,1,1,0,0,0,2022-2023,bundesliga
maximilian eggestein,21,24,6,48.6,51,29,37,8,29,2022-2023,bundesliga
lilian egloff,4,5,3,66.7,12,10,2,0,2,2022-2023,bundesliga
kingsley ehizibue,0,0,0,,0,0,1,0,1,2022-2023,bundesliga
julian eitschberger,0,0,0,,0,0,0,0,0,2022-2023,bundesliga
chidera ejuke,1,4,0,20.0,5,4,4,0,4,2022-2023,bundesliga
nico elvedi,32,12,2,65.9,46,24,31,16,15,2022-2023,bundesliga
wataru endo,30,31,9,44.7,70,37,44,6,38,2022-2023,bundesliga
arne engels,9,10,1,42.1,20,9,17,5,12,2022-2023,bundesliga
tjark ernst,0,0,0,,0,0,0,0,0,2022-2023,bundesliga
kimberly ezekwem,0,0,0,,0,0,1,0,1,2022-2023,bundesliga
ralf fährmann,1,0,0,100.0,1,0,0,0,0,2022-2023,bundesliga
ohis felix uduokhai,14,13,3,51.7,30,20,27,14,13,2022-2023,bundesliga
edimilson fernandes,26,5,4,52.9,35,25,37,16,21,2022-2023,bundesliga
kilian fischer,3,4,2,54.5,9,6,6,0,6,2022-2023,bundesliga
mark flekken,0,0,0,0.0,0,0,1,0,1,2022-2023,bundesliga
florian flick,7,5,0,28.6,12,3,9,3,6,2022-2023,bundesliga
emil forsberg,1,8,7,30.0,16,11,25,2,23,2022-2023,bundesliga
philipp förster,11,15,5,30.0,31,19,22,0,22,2022-2023,bundesliga
timothy fosu-mensah,3,3,1,100.0,7,5,2,0,2,2022-2023,bundesliga
raphael framberger,6,4,0,60.0,10,6,2,1,1,2022-2023,bundesliga
bartol franjić,2,2,0,0.0,4,2,4,1,3,2022-2023,bundesliga
oscar fraulo,0,0,0,,0,0,0,0,0,2022-2023,bundesliga
michael frey,2,8,3,30.8,13,5,6,0,6,2022-2023,bundesliga
marco friedl,40,22,0,60.3,62,46,46,17,29,2022-2023,bundesliga
marvin friedrich,13,3,1,76.9,17,11,14,6,8,2022-2023,bundesliga
jeremie frimpong,22,26,5,52.3,53,27,24,3,21,2022-2023,bundesliga
chris führich,15,14,7,54.5,36,14,29,2,27,2022-2023,bundesliga
angelo fulgini,2,3,1,41.7,6,5,5,0,5,2022-2023,bundesliga
niclas füllkrug,0,6,3,23.1,9,4,13,4,9,2022-2023,bundesliga
cristian gamboa,27,14,1,67.7,42,24,20,7,13,2022-2023,bundesliga
silvère ganvoula m'boussy,0,1,1,,2,2,0,0,0,2022-2023,bundesliga
dario gebuhr,0,0,0,0.0,0,0,0,0,0,2022-2023,bundesliga
dennis geiger,15,28,2,62.9,45,25,27,3,24,2022-2023,bundesliga
yannick gerhardt,10,11,8,40.0,29,15,26,5,21,2022-2023,bundesliga
niko gießelmann,9,9,3,41.9,21,11,17,5,12,2022-2023,bundesliga
rafał gikiewicz,2,0,0,66.7,2,2,0,0,0,2022-2023,bundesliga
matthias ginter,29,12,2,65.0,43,20,40,24,16,2022-2023,bundesliga
jamie gittens,2,5,1,28.6,8,4,1,0,1,2022-2023,bundesliga
serge gnabry,11,14,10,39.5,35,23,24,1,23,2022-2023,bundesliga
jacek góralski,3,3,0,66.7,6,3,4,0,4,2022-2023,bundesliga
leon goretzka,21,16,6,56.3,43,24,40,3,37,2022-2023,bundesliga
mario götze,13,22,7,29.8,42,25,25,0,25,2022-2023,bundesliga
jeffrey gouweleeuw,19,17,6,49.0,42,27,41,23,18,2022-2023,bundesliga
ryan gravenberch,4,10,3,53.8,17,8,9,1,8,2022-2023,bundesliga
michael gregoritsch,6,9,4,14.3,19,12,23,4,19,2022-2023,bundesliga
leo greiml,4,5,1,41.7,10,5,7,3,4,2022-2023,bundesliga
vincenzo grifo,6,15,8,41.9,29,16,18,1,17,2022-2023,bundesliga
lennart grill,0,0,0,0.0,0,0,0,0,0,2022-2023,bundesliga
christian groß,20,34,2,48.3,56,25,20,5,15,2022-2023,bundesliga
brajan gruda,0,0,0,,0,0,0,0,0,2022-2023,bundesliga
ilia gruev,16,25,3,58.1,44,27,23,6,17,2022-2023,bundesliga
carlos gruezo,12,9,0,56.3,21,12,13,4,9,2022-2023,bundesliga
raphaël guerreiro,13,15,8,61.8,36,20,21,2,19,2022-2023,bundesliga
josuha guilavogui,7,10,1,35.3,18,11,19,13,6,2022-2023,bundesliga
serhou guirassy,2,2,0,50.0,4,1,7,2,5,2022-2023,bundesliga
péter gulácsi,0,0,0,,0,0,0,0,0,2022-2023,bundesliga
manuel gulde,10,4,0,50.0,14,8,5,1,4,2022-2023,bundesliga
robert gumny,13,15,6,40.7,34,24,21,7,14,2022-2023,bundesliga
christian günter,18,9,2,30.2,29,21,22,4,18,2022-2023,bundesliga
joško gvardiol,15,8,0,40.9,23,17,34,17,17,2022-2023,bundesliga
janik haberer,8,18,3,35.4,29,17,35,2,33,2022-2023,bundesliga
alexander hack,21,9,0,57.6,30,18,18,5,13,2022-2023,bundesliga
andré hahn,4,4,1,66.7,9,5,9,2,7,2022-2023,bundesliga
amadou haidara,15,10,0,38.2,25,11,26,6,20,2022-2023,bundesliga
sébastien haller,2,1,2,0.0,5,4,8,0,8,2022-2023,bundesliga
marcel halstenberg,20,15,5,56.1,40,21,22,1,21,2022-2023,bundesliga
andreas hanche-olsen,24,7,4,56.4,35,23,16,8,8,2022-2023,bundesliga
genki haraguchi,7,7,2,25.0,16,7,13,2,11,2022-2023,bundesliga
genki haraguchi,1,10,1,33.3,12,8,7,1,6,2022-2023,bundesliga
makoto hasebe,16,2,0,31.8,18,12,22,9,13,2022-2023,bundesliga
thorgan hazard,5,11,1,70.6,17,6,6,0,6,2022-2023,bundesliga
jonas hector,59,43,10,58.4,112,66,61,9,52,2022-2023,bundesliga
dominique heintz,5,7,1,35.3,13,9,11,7,4,2022-2023,bundesliga
benjamin henrichs,41,29,3,65.2,73,46,48,4,44,2022-2023,bundesliga
lucas hernández,3,3,0,83.3,6,4,2,1,1,2022-2023,bundesliga
patrick herrmann,4,1,1,50.0,6,2,2,0,2,2022-2023,bundesliga
piero hincapié,28,20,3,65.8,51,34,41,20,21,2022-2023,bundesliga
adam hložek,4,3,2,33.3,9,4,9,2,7,2022-2023,bundesliga
nicolas höfler,28,35,3,44.3,66,35,40,13,27,2022-2023,bundesliga
jonas hofmann,17,8,6,28.8,31,16,36,2,34,2022-2023,bundesliga
philipp hofmann,0,13,5,41.7,18,11,20,8,12,2022-2023,bundesliga
lucas höler,5,7,7,27.3,19,14,22,5,17,2022-2023,bundesliga
gerrit holtmann,6,7,1,57.1,14,7,15,1,14,2022-2023,bundesliga
jannes horn,1,1,0,100.0,2,1,1,0,1,2022-2023,bundesliga
lukáš hrádecký,0,0,0,,0,0,0,0,0,2022-2023,bundesliga
timo hübers,35,8,0,46.2,43,28,27,13,14,2022-2023,bundesliga
callum hudson-odoi,4,0,1,100.0,5,3,0,0,0,2022-2023,bundesliga
mats hummels,38,22,2,58.2,62,34,30,16,14,2022-2023,bundesliga
denis huseinbasic,8,11,4,40.0,23,9,16,2,14,2022-2023,bundesliga
iago,20,10,4,37.9,34,16,18,5,13,2022-2023,bundesliga
arijon ibrahimović,1,0,0,,1,1,0,0,0,2022-2023,bundesliga
marcus ingvartsen,0,2,2,10.0,4,1,9,1,8,2022-2023,bundesliga
ko itakura,18,7,4,53.3,29,17,41,25,16,2022-2023,bundesliga
hiroki ito,24,14,2,51.4,40,29,38,17,21,2022-2023,bundesliga
andreas ivan,0,0,0,0.0,0,0,0,0,0,2022-2023,bundesliga
lee jae-sung,9,21,8,44.4,38,17,29,5,24,2022-2023,bundesliga
paul jaeckel,11,11,2,48.6,24,18,11,5,6,2022-2023,bundesliga
kristijan jakić,19,12,2,53.7,33,21,32,10,22,2022-2023,bundesliga
saidy janko,13,8,2,60.0,23,15,24,10,14,2022-2023,bundesliga
tony jantschke,1,1,0,100.0,2,1,5,3,2,2022-2023,bundesliga
fredrik jensen,8,3,4,50.0,15,10,12,5,7,2022-2023,bundesliga
moritz jenz,8,5,1,62.5,14,11,16,10,6,2022-2023,bundesliga
stevan jovetić,2,1,0,9.1,3,2,2,1,1,2022-2023,bundesliga
anthony jung,19,20,7,53.4,46,27,30,6,24,2022-2023,bundesliga
josip juranović,5,2,2,38.9,9,7,9,3,6,2022-2023,bundesliga
ozan kabak,27,21,3,56.7,51,34,35,23,12,2022-2023,bundesliga
pavel kadeřábek,10,9,7,65.2,26,20,12,2,10,2022-2023,bundesliga
florian kainz,7,12,2,30.8,21,10,27,6,21,2022-2023,bundesliga
sasa kalajdzic,0,1,2,33.3,3,2,1,0,1,2022-2023,bundesliga
daichi kamada,10,37,4,54.4,51,31,31,2,29,2022-2023,bundesliga
jakub kamiński,15,13,8,50.0,36,25,37,2,35,2022-2023,bundesliga
marcin kamiński,4,0,2,50.0,6,4,8,7,1,2022-2023,bundesliga
kevin kampl,6,14,1,22.2,21,11,26,9,17,2022-2023,bundesliga
wilfried kanga,2,1,2,50.0,5,4,14,3,11,2022-2023,bundesliga
kenan karaman,3,5,3,25.0,11,8,9,1,8,2022-2023,bundesliga
atakan karazor,18,25,6,51.1,49,30,39,11,28,2022-2023,bundesliga
thomas kastanaras,0,0,0,,0,0,1,0,1,2022-2023,bundesliga
silas katompa,5,14,6,30.0,25,17,17,2,15,2022-2023,bundesliga
yannik keitel,4,6,1,60.0,11,7,6,3,3,2022-2023,bundesliga
marc-oliver kempf,29,14,1,72.7,44,27,42,32,10,2022-2023,bundesliga
jonjoe kenny,27,16,3,57.1,46,34,38,9,29,2022-2023,bundesliga
rani khedira,21,32,7,50.0,60,33,33,10,23,2022-2023,bundesliga
luca kilian,14,7,1,57.1,22,16,16,8,8,2022-2023,bundesliga
joshua kimmich,24,46,8,52.8,78,49,36,7,29,2022-2023,bundesliga
pascal klemens,0,0,0,0.0,0,0,1,0,1,2022-2023,bundesliga
lukas klostermann,7,9,0,53.3,16,8,6,3,3,2022-2023,bundesliga
ansgar knauff,22,11,3,44.1,36,25,19,1,18,2022-2023,bundesliga
robin knoche,29,12,4,51.1,45,29,35,18,17,2022-2023,bundesliga
gregor kobel,0,0,0,0.0,0,0,1,0,1,2022-2023,bundesliga
dominik kohr,23,31,5,47.5,59,33,46,9,37,2022-2023,bundesliga
randal kolo muani,3,3,8,11.1,14,10,19,2,17,2022-2023,bundesliga
timothée kolodziejczak,0,0,0,0.0,0,0,0,0,0,2022-2023,bundesliga
manu koné,37,33,4,51.1,74,39,44,12,32,2022-2023,bundesliga
odilon kossounou,12,7,2,50.0,21,14,26,11,15,2022-2023,bundesliga
filip kostić,1,1,0,,2,0,0,0,0,2022-2023,bundesliga
tomáš koubek,0,0,0,,0,0,0,0,0,2022-2023,bundesliga
soichiro kozuki,3,3,0,66.7,6,4,5,0,5,2022-2023,bundesliga
alex král,10,22,2,45.9,34,24,31,6,25,2022-2023,bundesliga
andrej kramarić,2,1,2,9.1,5,2,14,2,12,2022-2023,bundesliga
christoph kramer,24,15,5,40.0,44,33,34,2,32,2022-2023,bundesliga
tom krauß,39,62,11,51.0,112,68,39,6,33,2022-2023,bundesliga
max kruse,0,1,0,0.0,1,1,2,1,1,2022-2023,bundesliga
lukas kübler,24,9,4,60.0,37,25,25,11,14,2022-2023,bundesliga
pierre kunde,3,8,1,42.9,12,6,7,1,6,2022-2023,bundesliga
alou kuol,0,0,0,,0,0,0,0,0,2022-2023,bundesliga
daniel kyereh,2,4,0,50.0,6,4,4,0,4,2022-2023,bundesliga
maxence lacroix,15,7,0,50.0,22,13,22,11,11,2022-2023,bundesliga
aïssa laïdouni,6,8,0,29.4,14,7,22,4,18,2022-2023,bundesliga
konrad laimer,23,30,7,55.6,60,31,31,4,27,2022-2023,bundesliga
stefan lainer,10,5,1,43.5,16,8,8,1,7,2022-2023,bundesliga
vassilis lambropoulos,7,3,0,66.7,10,8,5,3,2,2022-2023,bundesliga
jordan larsson,1,7,0,22.2,8,5,9,0,9,2022-2023,bundesliga
danny latza,8,8,1,29.4,17,13,16,1,15,2022-2023,bundesliga
diogo leite,21,14,0,61.8,35,20,23,14,9,2022-2023,bundesliga
maxim leitsch,6,3,0,80.0,9,7,7,4,3,2022-2023,bundesliga
tim lemperle,3,1,2,60.0,6,4,5,0,5,2022-2023,bundesliga
christopher lenz,17,7,5,43.2,29,21,16,3,13,2022-2023,bundesliga
jamie leweling,2,2,1,60.0,5,3,3,0,3,2022-2023,bundesliga
philipp lienhart,19,10,0,48.1,29,18,29,15,14,2022-2023,bundesliga
matthijs de ligt,15,16,1,62.5,32,23,31,20,11,2022-2023,bundesliga
dimitris limnios,0,0,0,,0,0,0,0,0,2022-2023,bundesliga
jesper lindstrøm,15,7,4,31.8,26,11,25,3,22,2022-2023,bundesliga
dejan ljubicic,7,14,4,32.5,25,14,20,1,19,2022-2023,bundesliga
anthony losilla,32,34,10,49.4,76,49,39,12,27,2022-2023,bundesliga
dodi lukebakio,7,8,3,22.2,18,11,23,5,18,2022-2023,bundesliga
andrey lunyov,0,0,0,,0,0,0,0,0,2022-2023,bundesliga
arne maier,17,11,3,55.6,31,22,21,0,21,2022-2023,bundesliga
linton maina,5,11,2,23.3,18,12,19,0,19,2022-2023,bundesliga
donyell malen,3,4,6,41.7,13,5,14,1,13,2022-2023,bundesliga
sadio mané,3,3,5,11.1,11,5,15,2,13,2022-2023,bundesliga
myziane maolida,1,0,0,50.0,1,1,0,0,0,2022-2023,bundesliga
omar marmoush,8,2,6,25.0,16,10,21,1,20,2022-2023,bundesliga
eric martel,29,30,7,50.0,66,41,29,9,20,2022-2023,bundesliga
aarón martín,25,11,6,52.5,42,27,22,1,21,2022-2023,bundesliga
erhan mašović,28,21,1,58.8,50,31,30,14,16,2022-2023,bundesliga
henning matriciani,28,12,3,43.3,43,23,28,11,17,2022-2023,bundesliga
konstantinos mavropanos,32,15,3,73.7,50,27,39,18,21,2022-2023,bundesliga
philipp max,4,7,1,31.3,12,9,10,2,8,2022-2023,bundesliga
eric maxim choupo-moting,2,6,2,50.0,10,7,8,0,8,2022-2023,bundesliga
keke maximilian topp,0,0,0,,0,0,0,0,0,2022-2023,bundesliga
ibrahim maza,1,0,0,0.0,1,1,2,0,2,2022-2023,bundesliga
noussair mazraoui,9,9,11,62.5,29,21,13,2,11,2022-2023,bundesliga
noah mbamba,0,0,0,,0,0,0,0,0,2022-2023,bundesliga
jean-manuel mbom,0,0,0,0.0,0,0,0,0,0,2022-2023,bundesliga
nathanael mbuku,0,1,0,,1,0,0,0,0,2022-2023,bundesliga
thomas meunier,8,5,3,58.8,16,7,7,2,5,2022-2023,bundesliga
alexander meyer,0,0,0,0.0,0,0,0,0,0,2022-2023,bundesliga
sven michel,1,5,3,50.0,9,5,5,1,4,2022-2023,bundesliga
enzo millot,9,10,4,63.2,23,16,20,3,17,2022-2023,bundesliga
maximilian mittelstädt,31,6,2,43.6,39,20,13,2,11,2022-2023,bundesliga
anthony modeste,2,0,2,40.0,4,4,7,0,7,2022-2023,bundesliga
tobias mohr,3,5,0,28.6,8,5,14,5,9,2022-2023,bundesliga
clinton mola,2,1,0,100.0,3,1,1,1,0,2022-2023,bundesliga
florent mollet,0,4,0,28.6,4,1,7,1,6,2022-2023,bundesliga
youssoufa moukoko,3,6,4,50.0,13,7,9,0,9,2022-2023,bundesliga
florian müller,0,0,0,,0,0,0,0,0,2022-2023,bundesliga
thomas müller,5,9,7,37.5,21,12,19,3,16,2022-2023,bundesliga
jamal musiala,9,16,9,37.1,34,23,30,3,27,2022-2023,bundesliga
marlon mustapha,0,2,0,,2,2,4,0,4,2022-2023,bundesliga
obite n'dicka,10,11,4,56.3,25,18,47,19,28,2022-2023,bundesliga
nathan n'goumou,5,5,1,53.8,11,5,9,0,9,2022-2023,bundesliga
stanley n'soki,14,7,1,54.5,22,13,22,5,17,2022-2023,bundesliga
nikolas nartey,7,3,1,55.6,11,6,9,0,9,2022-2023,bundesliga
luca netz,19,3,3,59.4,25,13,5,1,4,2022-2023,bundesliga
manuel neuer,0,0,0,,0,0,0,0,0,2022-2023,bundesliga
florian neuhaus,9,5,5,29.6,19,9,20,3,17,2022-2023,bundesliga
jessic ngankam,7,4,3,42.9,14,9,6,1,5,2022-2023,bundesliga
florian niederlechner,5,4,1,57.1,10,5,16,2,14,2022-2023,bundesliga
florian niederlechner,2,4,3,25.0,9,7,7,0,7,2022-2023,bundesliga
justin njinmah,0,0,0,,0,0,0,0,0,2022-2023,bundesliga
christopher nkunku,2,1,3,16.7,6,4,8,3,5,2022-2023,bundesliga
felix nmecha,11,23,7,47.1,41,24,26,10,16,2022-2023,bundesliga
lukas nmecha,0,2,3,100.0,5,3,5,1,4,2022-2023,bundesliga
hugo novoa,1,3,4,57.1,8,2,4,0,4,2022-2023,bundesliga
ørjan nyland,0,0,0,,0,0,0,0,0,2022-2023,bundesliga
tim oermann,2,0,0,100.0,2,1,3,2,1,2022-2023,bundesliga
finn ole becker,4,6,0,57.1,10,2,4,0,4,2022-2023,bundesliga
mathias olesen,4,4,2,62.5,10,5,6,1,5,2022-2023,bundesliga
dani olmo,1,10,4,42.9,15,9,15,0,15,2022-2023,bundesliga
jan olschowsky,0,0,0,0.0,0,0,1,0,1,2022-2023,bundesliga
jonas omlin,1,0,0,33.3,1,1,1,0,1,2022-2023,bundesliga
karim onisiwo,3,10,6,19.0,19,12,19,0,19,2022-2023,bundesliga
willi orban,33,18,0,60.5,51,30,42,24,18,2022-2023,bundesliga
ivan ordets,21,9,1,57.1,31,19,34,17,17,2022-2023,bundesliga
jordi osei-tutu,13,5,5,52.2,23,18,12,5,7,2022-2023,bundesliga
patrick osterhage,8,10,2,68.8,20,17,17,6,11,2022-2023,bundesliga
paulo otávio,46,17,9,66.7,72,46,42,6,36,2022-2023,bundesliga
thomas ouwejan,13,5,2,60.0,20,8,17,4,13,2022-2023,bundesliga
reece oxford,1,0,0,,1,1,4,3,1,2022-2023,bundesliga
salih özcan,10,16,5,41.0,31,18,24,2,22,2022-2023,bundesliga
levin öztunalı,0,0,0,0.0,0,0,0,0,0,2022-2023,bundesliga
exequiel palacios,20,33,6,60.4,59,36,29,2,27,2022-2023,bundesliga
miloš pantović,4,0,0,60.0,4,2,3,0,3,2022-2023,bundesliga
antonios papadopoulos,0,0,0,,0,0,0,0,0,2022-2023,bundesliga
kevin paredes,6,3,4,75.0,13,9,7,0,7,2022-2023,bundesliga
marco pašalić,0,0,0,,0,0,0,0,0,2022-2023,bundesliga
felix passlack,0,4,0,100.0,4,3,1,1,0,2022-2023,bundesliga
paulinho,0,0,0,,0,0,1,0,1,2022-2023,bundesliga
benjamin pavard,36,26,8,75.0,70,41,35,16,19,2022-2023,bundesliga
jiří pavlenka,1,0,0,20.0,1,0,1,0,1,2022-2023,bundesliga
kristian pedersen,4,1,0,0.0,5,4,3,0,3,2022-2023,bundesliga
mads pedersen,31,11,2,66.7,44,23,32,9,23,2022-2023,bundesliga
jordan pefok,3,4,8,11.8,15,7,17,5,12,2022-2023,bundesliga
dženan pejčinović,0,0,0,,0,0,0,0,0,2022-2023,bundesliga
peter pekarík,4,0,0,66.7,4,3,6,2,4,2022-2023,bundesliga
luca pellegrini,10,3,0,100.0,13,8,8,2,6,2022-2023,bundesliga
ricardo pepi,1,0,0,100.0,1,1,1,0,1,2022-2023,bundesliga
juan perea,0,2,3,50.0,5,4,2,1,1,2022-2023,bundesliga
nils petersen,0,3,3,40.0,6,4,11,2,9,2022-2023,bundesliga
lukas petkov,4,1,0,66.7,5,1,4,1,3,2022-2023,bundesliga
luca pfeiffer,1,0,0,0.0,1,1,4,0,4,2022-2023,bundesliga
maximilian philipp,1,1,0,100.0,2,1,1,0,1,2022-2023,bundesliga
maximilian philipp,3,2,1,11.1,6,5,7,1,6,2022-2023,bundesliga
amos pieper,25,19,2,60.0,46,28,23,11,12,2022-2023,bundesliga
marvin plattenhardt,24,15,4,61.7,43,33,25,11,14,2022-2023,bundesliga
alassane pléa,5,7,4,30.8,16,8,23,3,20,2022-2023,bundesliga
joel pohjanpalo,0,0,0,,0,0,0,0,0,2022-2023,bundesliga
sebastian polter,0,4,0,25.0,4,3,4,0,4,2022-2023,bundesliga
stefan posch,0,0,0,,0,0,0,0,0,2022-2023,bundesliga
yussuf poulsen,1,4,1,40.0,6,4,3,1,2,2022-2023,bundesliga
grischa prömel,14,11,2,36.0,27,19,22,4,18,2022-2023,bundesliga
tymoteusz puchacz,1,0,0,,1,0,0,0,0,2022-2023,bundesliga
eduardo quaresma,3,2,0,33.3,5,3,3,2,1,2022-2023,bundesliga
joshua quarshie,0,0,0,,0,0,0,0,0,2022-2023,bundesliga
diant ramaj,0,0,0,,0,0,0,0,0,2022-2023,bundesliga
nicolai rapp,3,0,0,0.0,3,1,0,0,0,2022-2023,bundesliga
david raum,23,12,4,58.6,39,25,24,6,18,2022-2023,bundesliga
rocco reitz,0,0,0,,0,0,0,0,0,2022-2023,bundesliga
marco reus,12,14,4,29.2,30,17,12,4,8,2022-2023,bundesliga
elvis rexhbeçaj,18,24,9,49.2,51,30,39,12,27,2022-2023,bundesliga
gio reyna,2,5,7,50.0,14,7,8,2,6,2022-2023,bundesliga
marco richter,18,17,8,39.6,43,23,29,2,27,2022-2023,bundesliga
manuel riemann,3,0,0,60.0,3,2,1,0,1,2022-2023,bundesliga
sebastian rode,7,28,3,31.1,38,24,18,2,16,2022-2023,bundesliga
agustín rogel,13,5,0,64.7,18,9,15,8,7,2022-2023,bundesliga
merlin röhl,1,0,0,,1,0,0,0,0,2022-2023,bundesliga
tony rölke,0,0,0,,0,0,1,0,1,2022-2023,bundesliga
tom rothe,0,1,0,100.0,1,1,0,0,0,2022-2023,bundesliga
jérôme roussillon,0,0,0,,0,0,0,0,0,2022-2023,bundesliga
jérôme roussillon,6,8,2,66.7,16,9,7,2,5,2022-2023,bundesliga
sebastian rudy,10,16,0,48.1,26,12,27,7,20,2022-2023,bundesliga
georginio rutter,1,4,2,33.3,7,4,10,2,8,2022-2023,bundesliga
julian ryerson,17,10,1,60.0,28,17,15,3,12,2022-2023,bundesliga
julian ryerson,17,7,3,51.4,27,15,13,2,11,2022-2023,bundesliga
frederik rønnow,0,0,0,0.0,0,0,0,0,0,2022-2023,bundesliga
marcel sabitzer,11,10,6,58.8,27,14,3,0,3,2022-2023,bundesliga
dikeni-rafid salifou,0,0,0,,0,0,0,0,0,2022-2023,bundesliga
roland sallai,4,3,4,40.0,11,8,7,1,6,2022-2023,bundesliga
diadie samassékou,0,1,0,0.0,1,0,0,0,0,2022-2023,bundesliga
leroy sané,11,19,8,50.0,38,30,11,1,10,2022-2023,bundesliga
sidi sané,1,0,0,100.0,1,1,0,0,0,2022-2023,bundesliga
bouna sarr,0,0,0,,0,0,0,0,0,2022-2023,bundesliga
joe scally,25,5,1,77.4,31,20,17,6,11,2022-2023,bundesliga
kevin schade,3,2,1,60.0,6,4,0,0,0,2022-2023,bundesliga
andrás schäfer,7,12,2,42.9,21,9,12,2,10,2022-2023,bundesliga
derry scherhant,3,3,1,50.0,7,6,3,0,3,2022-2023,bundesliga
patrik schick,0,0,0,0.0,0,0,4,1,3,2022-2023,bundesliga
kingsley schindler,13,8,2,64.3,23,12,14,2,12,2022-2023,bundesliga
xaver schlager,13,26,2,46.5,41,24,19,2,17,2022-2023,bundesliga
keven schlotterbeck,0,0,0,,0,0,1,1,0,2022-2023,bundesliga
keven schlotterbeck,12,5,0,81.8,17,9,11,5,6,2022-2023,bundesliga
nico schlotterbeck,34,24,1,69.8,59,34,38,21,17,2022-2023,bundesliga
jonathan schmid,1,0,0,,1,1,1,0,1,2022-2023,bundesliga
romano schmid,5,13,6,45.5,24,15,21,3,18,2022-2023,bundesliga
kenneth schmidt,4,2,0,83.3,6,3,4,2,2,2022-2023,bundesliga
niklas schmidt,12,11,2,46.4,25,10,10,0,10,2022-2023,bundesliga
benno schmitz,31,28,5,51.2,64,42,34,4,30,2022-2023,bundesliga
marvin schwäbe,1,0,0,100.0,1,0,0,0,0,2022-2023,bundesliga
alexander schwolow,0,0,0,0.0,0,0,0,0,0,2022-2023,bundesliga
paul seguin,9,4,4,44.4,17,8,6,0,6,2022-2023,bundesliga
davie selke,1,1,0,0.0,2,1,3,1,2,2022-2023,bundesliga
davie selke,0,0,0,0.0,0,0,4,1,3,2022-2023,bundesliga
suat serdar,14,30,7,48.8,51,23,48,12,36,2022-2023,bundesliga
eniss shabani,0,0,0,,0,0,0,0,0,2022-2023,bundesliga
kiliann sildillia,10,19,4,60.0,33,20,24,9,15,2022-2023,bundesliga
andré silva,2,5,5,37.5,12,6,11,1,10,2022-2023,bundesliga
mohamed simakan,12,5,4,66.7,21,14,21,4,17,2022-2023,bundesliga
daley sinkgraven,7,3,0,77.8,10,7,8,4,4,2022-2023,bundesliga
tobias sippel,0,0,0,,0,0,0,0,0,2022-2023,bundesliga
hugo siquet,2,0,0,100.0,2,2,1,0,1,2022-2023,bundesliga
tim skarke,0,0,1,,1,1,1,0,1,2022-2023,bundesliga
tim skarke,3,8,2,72.7,13,7,5,0,5,2022-2023,bundesliga
ellyes skhiri,29,42,8,39.4,79,44,52,12,40,2022-2023,bundesliga
robert skov,14,7,1,38.5,22,11,22,8,14,2022-2023,bundesliga
hrvoje smolčić,6,2,0,50.0,8,7,11,4,7,2022-2023,bundesliga
danilo soares,42,23,7,59.7,72,46,29,6,23,2022-2023,bundesliga
nikola soldo,8,7,0,63.6,15,9,7,6,1,2022-2023,bundesliga
yann sommer,0,0,0,,0,0,0,0,0,2022-2023,bundesliga
yann sommer,1,0,0,100.0,1,0,0,0,0,2022-2023,bundesliga
borna sosa,18,8,1,65.6,27,21,20,5,15,2022-2023,bundesliga
djibril sow,13,25,3,50.0,41,25,22,4,18,2022-2023,bundesliga
anton stach,10,15,2,42.1,27,21,28,2,26,2022-2023,bundesliga
kostas stafylidis,13,8,6,41.7,27,16,21,8,13,2022-2023,bundesliga
jens stage,15,18,1,27.0,34,17,34,11,23,2022-2023,bundesliga
veit stange,1,0,0,100.0,1,1,0,0,0,2022-2023,bundesliga
josip stanišić,14,2,3,70.6,19,11,9,1,8,2022-2023,bundesliga
niklas stark,29,24,3,64.3,56,36,24,13,11,2022-2023,bundesliga
pascal stenzel,8,4,0,55.6,12,8,9,2,7,2022-2023,bundesliga
angelo stiller,9,13,4,66.7,26,12,12,2,10,2022-2023,bundesliga
lars stindl,4,17,3,35.7,24,14,24,5,19,2022-2023,bundesliga
kevin stöger,38,32,14,33.0,84,45,27,4,23,2022-2023,bundesliga
niklas süle,18,3,4,60.9,25,19,28,19,9,2022-2023,bundesliga
ivan šunjić,16,21,1,66.7,38,20,17,5,12,2022-2023,bundesliga
mattias svanberg,8,16,1,33.3,25,16,27,5,22,2022-2023,bundesliga
dominik szoboszlai,12,20,13,40.5,45,28,43,2,41,2022-2023,bundesliga
alexander sørloth,0,0,0,,0,0,0,0,0,2022-2023,bundesliga
jonathan tah,21,4,0,66.7,25,12,30,18,12,2022-2023,bundesliga
edmond tapsoba,35,12,4,71.4,51,30,40,17,23,2022-2023,bundesliga
niklas tauer,2,0,0,33.3,2,1,2,1,1,2022-2023,bundesliga
mathys tel,0,1,1,100.0,2,2,5,1,4,2022-2023,bundesliga
semir telalovic,0,0,0,,0,0,0,0,0,2022-2023,bundesliga
simon terodde,4,7,4,21.4,15,8,6,2,4,2022-2023,bundesliga
malick thiaw,2,1,0,50.0,3,1,4,3,1,2022-2023,bundesliga
jan thielmann,3,4,2,18.2,9,8,16,3,13,2022-2023,bundesliga
morten thorsby,9,11,2,61.9,22,10,11,5,6,2022-2023,bundesliga
marcus thuram,3,6,5,46.2,14,7,20,3,17,2022-2023,bundesliga
steffen tigges,1,8,3,28.6,12,7,13,2,11,2022-2023,bundesliga
umut tohumcu,4,5,1,33.3,10,5,4,0,4,2022-2023,bundesliga
tiago tomás,2,4,4,61.5,10,4,9,2,7,2022-2023,bundesliga
almamy touré,7,5,1,55.6,13,7,9,2,7,2022-2023,bundesliga
lucas tousart,35,28,10,45.0,73,38,42,6,36,2022-2023,bundesliga
kevin trapp,1,0,0,0.0,1,1,2,0,2,2022-2023,bundesliga
christopher trimmel,16,12,3,64.5,31,16,14,1,13,2022-2023,bundesliga
tuta,27,19,7,57.9,53,35,47,14,33,2022-2023,bundesliga
sven ulreich,1,0,0,100.0,1,1,0,0,0,2022-2023,bundesliga
lauren ulrich,0,0,1,,1,1,0,0,0,2022-2023,bundesliga
dayot upamecano,43,22,0,62.2,65,37,26,6,20,2022-2023,bundesliga
filip uremović,29,8,1,63.6,38,23,18,13,5,2022-2023,bundesliga
jere uronen,6,6,2,60.0,14,10,5,2,3,2022-2023,bundesliga
mark uth,0,0,0,,0,0,0,0,0,2022-2023,bundesliga
josha vagnoman,12,11,3,55.6,26,15,20,2,18,2022-2023,bundesliga
ruben vargas,6,7,2,45.5,15,7,8,2,6,2022-2023,bundesliga
renato veiga,4,3,2,77.8,9,6,20,6,14,2022-2023,bundesliga
miloš veljković,17,13,0,62.1,30,19,32,16,16,2022-2023,bundesliga
micky van de ven,26,18,1,71.8,45,30,42,24,18,2022-2023,bundesliga
gabriel vidovic,0,0,0,,0,0,0,0,0,2022-2023,bundesliga
kevin vogt,10,5,0,40.9,15,10,18,11,7,2022-2023,bundesliga
aster vranckx,0,0,0,,0,0,0,0,0,2022-2023,bundesliga
robert wagner,0,0,0,,0,0,2,0,2,2022-2023,bundesliga
luca waldschmidt,2,1,2,20.0,5,2,6,0,6,2022-2023,bundesliga
paul wanner,1,2,0,100.0,3,1,0,0,0,2022-2023,bundesliga
julian weigl,21,21,1,56.1,43,16,23,2,21,2022-2023,bundesliga
nelson weiper,0,0,2,33.3,2,0,2,0,2,2022-2023,bundesliga
mitchell weiser,38,24,9,50.7,71,43,50,7,43,2022-2023,bundesliga
noah weißhaupt,3,7,1,28.6,11,6,4,0,4,2022-2023,bundesliga
marcel wenig,0,0,0,,0,0,0,0,0,2022-2023,bundesliga
timo werner,4,3,3,33.3,10,5,12,0,12,2022-2023,bundesliga
silvan widmer,15,10,1,51.3,26,17,22,8,14,2022-2023,bundesliga
patrick wimmer,18,11,10,31.6,39,26,27,2,25,2022-2023,bundesliga
jonas wind,2,7,5,50.0,14,6,14,4,10,2022-2023,bundesliga
frederik winther,1,1,0,0.0,2,2,1,1,0,2022-2023,bundesliga
florian wirtz,9,7,2,50.0,18,10,15,1,14,2022-2023,bundesliga
hannes wolf,4,5,2,38.5,11,8,3,0,3,2022-2023,bundesliga
marius wolf,9,12,4,55.2,25,18,40,10,30,2022-2023,bundesliga
jeong woo-yeong,4,2,1,40.0,7,3,7,1,6,2022-2023,bundesliga
kelvin yeboah,2,4,0,40.0,6,4,7,0,7,2022-2023,bundesliga
maya yoshida,19,13,2,62.1,34,22,40,29,11,2022-2023,bundesliga
dan-axel zagadou,10,4,0,35.7,14,9,19,16,3,2022-2023,bundesliga
rodrigo zalazar,5,9,2,37.5,16,8,16,1,15,2022-2023,bundesliga
aaron zehnter,0,0,0,0.0,0,0,0,0,0,2022-2023,bundesliga
robin zentner,0,0,0,0.0,0,0,0,0,0,2022-2023,bundesliga
michael zetterer,0,0,0,,0,0,0,0,0,2022-2023,bundesliga
simon zoller,2,8,1,33.3,11,4,14,1,13,2022-2023,bundesliga
