nombre,club_actual,entradas_1/3,entradas_2/3,entradas_3/3,duelos_ganados,entradas,entradas_ganadas,intercepciones,bloqueos,bloqueos_tiro,bloqueos_pase,despejes,errores_defensivos,temporada,liga
max aarons,Bournemouth,20,7,2,58.8,29,19,8,9,5,4,27,0,2023-2024,premier-league
joshua acheampong,Chelsea,0,0,0,,0,0,0,3,3,0,0,0,2023-2024,premier-league
tyler adams,Bournemouth,1,3,0,66.7,4,3,4,2,0,2,2,0,2023-2024,premier-league
tosin adarabioyo,Fulham,16,5,0,57.1,21,11,25,16,11,5,80,0,2023-2024,premier-league
elijah adebayo,Luton Town,1,0,3,8.3,4,1,6,13,2,11,25,0,2023-2024,premier-league
simon adingra,Brighton,23,11,11,45.2,45,20,19,31,1,30,22,0,2023-2024,premier-league
nayef aguerd,West Ham,19,7,0,72.7,26,14,17,33,24,9,85,2,2023-2024,premier-league
brandon aguilera,Nott'ham Forest,0,0,0,,0,0,0,0,0,0,0,0,2023-2024,premier-league
naouirou ahamada,Crystal Palace,5,6,2,47.1,13,9,2,3,0,3,4,0,2023-2024,premier-league
anel ahmedhodžić,Sheffield Utd,48,14,2,61.2,64,36,34,43,26,17,137,2,2023-2024,premier-league
ola aina,Nott'ham Forest,31,12,4,72.5,47,31,18,19,3,16,51,1,2023-2024,premier-league
rayan aït-nouri,Wolves,41,23,7,57.1,71,44,15,32,6,26,38,0,2023-2024,premier-league
kristoffer ajer,Brentford,25,9,4,63.9,38,21,25,26,11,15,79,1,2023-2024,premier-league
manuel akanji,Manchester City,16,18,8,56.4,42,28,23,28,12,16,70,3,2023-2024,premier-league
nathan aké,Manchester City,15,8,3,65.0,26,16,14,17,2,15,54,0,2023-2024,premier-league
thiago alcántara,Liverpool,0,0,0,,0,0,0,0,0,0,0,0,2023-2024,premier-league
trent alexander-arnold,Liverpool,26,11,2,31.0,39,26,31,22,2,20,48,5,2023-2024,premier-league
alisson,Liverpool,0,0,0,0.0,0,0,0,0,0,0,11,4,2023-2024,premier-league
miguel almirón,Newcastle Utd,13,15,8,37.9,36,24,10,29,2,27,13,0,2023-2024,premier-league
edson álvarez,West Ham,47,26,7,47.0,80,39,42,59,20,39,81,0,2023-2024,premier-league
julián álvarez,Manchester City,5,8,11,25.0,24,13,2,30,0,30,14,1,2023-2024,premier-league
zeki amdouni,Burnley,1,15,11,28.0,27,18,9,23,10,13,10,0,2023-2024,premier-league
sofyan amrabat,Manchester Utd,17,8,2,54.8,27,16,8,20,7,13,19,2,2023-2024,premier-league
joachim andersen,Crystal Palace,33,21,2,74.4,56,35,41,33,18,15,207,1,2023-2024,premier-league
elliot anderson,Newcastle Utd,12,9,3,51.7,24,18,8,23,4,19,23,0,2023-2024,premier-league
player,Squad,Def 3rd,Mid 3rd,Att 3rd,Tkl%,Tkl,TklW,Int,Blocks,Sh,Pass,Clr,Err,2023-2024,premier-league
jaidon anthony,Bournemouth,1,0,2,14.3,3,1,1,3,0,3,3,0,2023-2024,premier-league
michail antonio,West Ham,5,6,4,27.3,15,8,4,16,3,13,4,0,2023-2024,premier-league
antony,Manchester Utd,15,19,6,50.0,40,21,12,29,1,28,9,0,2023-2024,premier-league
oliver arblaster,Sheffield Utd,11,8,4,46.7,23,14,16,17,7,10,9,0,2023-2024,premier-league
cameron archer,Sheffield Utd,6,6,6,44.4,18,13,1,22,3,19,11,0,2023-2024,premier-league
cameron archer,Aston Villa,0,0,0,,0,0,0,0,0,0,0,0,2023-2024,premier-league
alphonse areola,West Ham,1,0,0,33.3,1,1,1,0,0,0,16,0,2023-2024,premier-league
lorenz assignon,Burnley,18,13,4,51.9,35,17,19,22,7,15,43,1,2023-2024,premier-league
serge aurier,Nott'ham Forest,9,11,0,45.5,20,14,9,10,3,7,36,1,2023-2024,premier-league
taiwo awoniyi,Nott'ham Forest,1,4,4,50.0,9,7,1,7,2,5,9,0,2023-2024,premier-league
jordan ayew,Crystal Palace,23,28,14,50.0,65,36,16,43,2,41,15,0,2023-2024,premier-league
benoît badiashile,Chelsea,12,9,0,64.3,21,15,18,21,14,7,66,2,2023-2024,premier-league
leon bailey,Aston Villa,7,4,2,25.0,13,7,9,18,1,17,6,0,2023-2024,premier-league
stefan bajcetic,Liverpool,3,1,0,60.0,4,1,0,0,0,0,0,0,2023-2024,premier-league
george baldock,Sheffield Utd,10,7,1,40.0,18,10,10,14,8,6,33,0,2023-2024,premier-league
carlos baleba,Brighton,17,19,4,50.0,40,20,18,35,7,28,30,3,2023-2024,premier-league
fodé ballo-touré,Fulham,1,3,0,50.0,4,2,3,1,0,1,2,0,2023-2024,premier-league
shandon baptiste,Brentford,2,2,0,20.0,4,4,3,5,1,4,6,0,2023-2024,premier-league
valentín barco,Brighton,4,5,2,75.0,11,5,4,3,0,3,3,1,2023-2024,premier-league
ross barkley,Luton Town,16,21,10,22.9,47,19,25,25,9,16,51,2,2023-2024,premier-league
harvey barnes,Newcastle Utd,3,2,1,50.0,6,1,5,1,0,1,3,0,2023-2024,premier-league
chris basham,Sheffield Utd,4,3,0,22.2,7,2,5,9,4,5,17,0,2023-2024,premier-league
calvin bassey,Fulham,33,15,1,72.4,49,29,28,32,11,21,84,4,2023-2024,premier-league
owen beck,Liverpool,1,1,0,,2,1,0,0,0,0,1,0,2023-2024,premier-league
donny van de beek,Manchester Utd,0,0,0,,0,0,0,1,0,1,0,0,2023-2024,premier-league
player,Squad,Def 3rd,Mid 3rd,Att 3rd,Tkl%,Tkl,TklW,Int,Blocks,Sh,Pass,Clr,Err,2023-2024,premier-league
amari'i bell,Luton Town,30,19,1,62.9,50,33,25,33,15,18,60,1,2023-2024,premier-league
jean-ricner bellegarde,Wolves,9,6,2,46.7,17,10,8,18,2,16,14,0,2023-2024,premier-league
anis ben slimane,Sheffield Utd,5,2,4,40.0,11,6,5,7,1,6,7,0,2023-2024,premier-league
saïd benrahma,West Ham,5,3,0,26.7,8,4,5,8,0,8,7,0,2023-2024,premier-league
rodrigo bentancur,Tottenham,10,11,2,41.7,23,15,17,15,4,11,16,1,2023-2024,premier-league
daniel bentley,Wolves,0,0,0,0.0,0,0,0,0,0,0,1,0,2023-2024,premier-league
jóhann berg guðmundsson,Burnley,6,5,2,43.8,13,4,16,14,0,14,16,0,2023-2024,premier-league
sander berge,Burnley,35,36,5,58.6,76,46,23,49,20,29,60,2,2023-2024,premier-league
luke berry,Luton Town,2,4,1,66.7,7,2,0,6,1,5,3,0,2023-2024,premier-league
beto,Everton,1,6,7,33.3,14,6,1,11,0,11,14,0,2023-2024,premier-league
jordan beyer,Burnley,22,12,1,58.3,35,20,16,22,15,7,68,1,2023-2024,premier-league
philip billing,Bournemouth,7,22,4,33.3,33,16,20,31,5,26,28,1,2023-2024,premier-league
yves bissouma,Tottenham,32,36,12,67.2,80,52,37,28,5,23,43,3,2023-2024,premier-league
benicio boaitey,Brighton,0,0,0,0.0,0,0,0,1,0,1,2,0,2023-2024,premier-league
oscar bobb,Manchester City,1,2,4,50.0,7,3,5,4,0,4,1,0,2023-2024,premier-league
jayden bogle,Sheffield Utd,43,21,2,50.0,66,36,32,42,11,31,97,0,2023-2024,premier-league
willy boly,Nott'ham Forest,36,9,1,55.0,46,29,25,32,21,11,90,0,2023-2024,premier-league
sven botman,Newcastle Utd,14,6,0,61.5,20,13,9,20,16,4,61,3,2023-2024,premier-league
jarrod bowen,West Ham,14,14,14,37.1,42,28,19,37,5,32,14,0,2023-2024,premier-league
conor bradley,Liverpool,14,12,7,63.2,33,25,10,17,1,16,14,0,2023-2024,premier-league
jarrad branthwaite,Everton,42,22,2,72.6,66,32,50,51,36,15,163,2,2023-2024,premier-league
ben brereton,Sheffield Utd,4,4,1,40.0,9,4,3,9,3,6,12,0,2023-2024,premier-league
rhian brewster,Sheffield Utd,1,2,2,0.0,5,1,1,2,0,2,2,0,2023-2024,premier-league
armando broja,Chelsea,0,1,2,50.0,3,0,0,5,1,4,3,0,2023-2024,premier-league
armando broja,Fulham,0,0,0,,0,0,0,1,0,1,0,0,2023-2024,premier-league
player,Squad,Def 3rd,Mid 3rd,Att 3rd,Tkl%,Tkl,TklW,Int,Blocks,Sh,Pass,Clr,Err,2023-2024,premier-league
andre brooks,Sheffield Utd,7,11,4,42.9,22,13,14,13,1,12,20,0,2023-2024,premier-league
david brooks,Bournemouth,2,1,2,50.0,5,4,2,3,0,3,2,0,2023-2024,premier-league
jacob brown,Luton Town,7,7,5,38.9,19,12,8,20,1,19,22,0,2023-2024,premier-league
josh brownhill,Burnley,23,28,10,73.0,61,35,34,33,8,25,40,1,2023-2024,premier-league
jacob bruun larsen,Burnley,4,3,2,33.3,9,4,7,16,2,14,23,0,2023-2024,premier-league
hugo bueno,Wolves,12,7,2,63.2,21,14,6,17,4,13,24,0,2023-2024,premier-league
santiago bueno,Wolves,5,7,1,45.5,13,7,6,22,12,10,33,0,2023-2024,premier-league
facundo buonanotte,Brighton,13,22,7,31.8,42,22,8,22,3,19,5,0,2023-2024,premier-league
reece burke,Luton Town,17,14,6,46.2,37,23,18,25,18,7,78,1,2023-2024,premier-league
dan burn,Newcastle Utd,37,20,4,42.6,61,33,37,55,25,30,124,1,2023-2024,premier-league
mason burstow,Chelsea,0,0,0,,0,0,0,0,0,0,0,0,2023-2024,premier-league
moisés caicedo,Chelsea,38,42,11,60.0,91,46,37,59,25,34,44,4,2023-2024,premier-league
tom cairney,Fulham,10,12,2,52.0,24,16,13,16,4,12,6,0,2023-2024,premier-league
dominic calvert-lewin,Everton,2,6,5,13.3,13,6,4,14,4,10,38,0,2023-2024,premier-league
thomas cannon,Everton,0,0,0,,0,0,0,0,0,0,0,0,2023-2024,premier-league
diego carlos,Aston Villa,22,4,1,61.9,27,16,13,24,19,5,78,3,2023-2024,premier-league
cesare casadei,Chelsea,2,1,2,40.0,5,3,0,1,0,1,4,0,2023-2024,premier-league
casemiro,Manchester Utd,43,32,8,48.1,83,56,18,74,33,41,71,1,2023-2024,premier-league
kaelan casey,West Ham,0,0,0,,0,0,0,0,0,0,1,0,2023-2024,premier-league
matty cash,Aston Villa,24,24,6,49.2,54,31,18,35,14,21,59,0,2023-2024,premier-league
timothy castagne,Fulham,23,16,10,59.1,49,24,38,38,10,28,69,1,2023-2024,premier-league
jonny castro,Wolves,0,0,0,0.0,0,0,0,1,1,0,0,0,2023-2024,premier-league
trevoh chalobah,Chelsea,10,2,4,66.7,16,12,8,8,7,1,51,0,2023-2024,premier-league
calum chambers,Aston Villa,3,0,0,0.0,3,0,2,2,1,1,4,0,2023-2024,premier-league
youssef chermiti,Everton,2,1,0,20.0,3,2,1,4,1,3,2,0,2023-2024,premier-league
player,Squad,Def 3rd,Mid 3rd,Att 3rd,Tkl%,Tkl,TklW,Int,Blocks,Sh,Pass,Clr,Err,2023-2024,premier-league
ben chilwell,Chelsea,5,9,1,62.5,15,10,4,11,3,8,19,1,2023-2024,premier-league
tawanda chirewa,Wolves,3,3,1,66.7,7,3,1,0,0,0,0,0,2023-2024,premier-league
leon chiwome,Wolves,0,1,1,50.0,2,1,0,3,1,2,2,0,2023-2024,premier-league
tahith chong,Luton Town,19,13,4,45.5,36,22,8,30,6,24,11,1,2023-2024,premier-league
ryan christie,Bournemouth,34,35,17,42.4,86,44,52,52,11,41,53,1,2023-2024,premier-league
carney chukwuemeka,Chelsea,3,3,0,33.3,6,4,0,1,1,0,1,0,2023-2024,premier-league
bobby clark,Liverpool,1,1,0,20.0,2,1,1,6,2,4,1,0,2023-2024,premier-league
jordan clark,Luton Town,14,11,5,28.2,30,17,11,24,3,21,15,1,2023-2024,premier-league
nathaniel clyne,Crystal Palace,11,11,2,66.7,24,15,10,18,6,12,33,0,2023-2024,premier-league
séamus coleman,Everton,10,3,4,68.8,17,14,7,12,4,8,26,1,2023-2024,premier-league
nathan collins,Brentford,24,12,2,65.5,38,20,44,46,30,16,141,4,2023-2024,premier-league
levi colwill,Chelsea,26,17,5,76.5,48,30,26,28,10,18,66,0,2023-2024,premier-league
lewis cook,Bournemouth,24,30,7,54.0,61,41,65,32,11,21,46,1,2023-2024,premier-league
jack cork,Burnley,0,2,0,33.3,2,0,1,0,0,0,1,0,2023-2024,premier-league
maxwel cornet,West Ham,3,0,0,20.0,3,2,2,2,0,2,1,0,2023-2024,premier-league
vladimír coufal,West Ham,50,12,2,50.7,64,41,43,49,15,34,97,0,2023-2024,premier-league
philippe coutinho,Aston Villa,0,0,0,0.0,0,0,0,0,0,0,0,0,2023-2024,premier-league
aaron cresswell,West Ham,1,1,1,66.7,3,2,3,5,3,2,7,0,2023-2024,premier-league
marc cucurella,Chelsea,36,21,5,53.1,62,38,22,36,13,23,48,0,2023-2024,premier-league
josh cullen,Burnley,15,22,5,56.5,42,29,15,31,19,12,26,1,2023-2024,premier-league
matheus cunha,Wolves,8,17,5,37.1,30,16,13,28,7,21,21,1,2023-2024,premier-league
sam curtis,Sheffield Utd,1,0,0,50.0,1,0,0,2,0,2,0,0,2023-2024,premier-league
mahmoud dahoud,Brighton,2,4,3,33.3,9,4,1,4,1,3,5,0,2023-2024,premier-league
ameen al-dakhil,Burnley,4,7,1,10.0,12,5,12,13,6,7,38,2,2023-2024,premier-league
diogo dalot,Manchester Utd,58,12,11,68.9,81,51,37,44,16,28,111,0,2023-2024,premier-league
player,Squad,Def 3rd,Mid 3rd,Att 3rd,Tkl%,Tkl,TklW,Int,Blocks,Sh,Pass,Clr,Err,2023-2024,premier-league
mikkel damsgaard,Brentford,13,9,7,35.0,29,17,11,23,1,22,10,1,2023-2024,premier-league
danilo,Nott'ham Forest,22,12,2,45.7,36,18,35,34,8,26,42,0,2023-2024,premier-league
arnaut danjuma,Everton,2,3,1,25.0,6,4,3,4,0,4,0,0,2023-2024,premier-league
jayden danns,Liverpool,0,0,0,,0,0,0,0,0,0,0,0,2023-2024,premier-league
josh dasilva,Brentford,0,1,1,,2,1,0,0,0,0,0,0,2023-2024,premier-league
david datro fofana,Burnley,3,5,2,50.0,10,5,1,9,3,6,2,0,2023-2024,premier-league
ben davies,Tottenham,13,8,3,76.2,24,17,10,17,15,2,35,0,2023-2024,premier-league
tom davies,Sheffield Utd,4,3,3,33.3,10,5,3,2,1,1,6,1,2023-2024,premier-league
craig dawson,Wolves,23,6,1,64.7,30,20,16,51,39,12,120,1,2023-2024,premier-league
kevin de bruyne,Manchester City,1,5,8,35.0,14,9,4,5,0,5,4,0,2023-2024,premier-league
bobby de cordova-reid,Fulham,5,15,2,25.0,22,14,5,24,2,22,14,0,2023-2024,premier-league
hannes delcroix,Burnley,6,4,0,75.0,10,6,9,9,3,6,26,0,2023-2024,premier-league
leander dendoncker,Aston Villa,3,2,1,80.0,6,4,2,5,2,3,3,1,2023-2024,premier-league
moussa diaby,Aston Villa,5,4,3,18.2,12,5,9,8,1,7,6,0,2023-2024,premier-league
amad diallo,Manchester Utd,1,6,3,42.9,10,3,1,3,1,2,6,0,2023-2024,premier-league
amadou diallo,Newcastle Utd,0,0,0,,0,0,0,0,0,0,0,0,2023-2024,premier-league
rúben dias,Manchester City,14,21,4,73.1,39,20,30,32,17,15,77,0,2023-2024,premier-league
luis díaz,Liverpool,5,17,13,23.3,35,25,3,15,0,15,8,0,2023-2024,premier-league
eric dier,Tottenham,2,0,0,100.0,2,1,2,3,3,0,12,0,2023-2024,premier-league
lucas digne,Aston Villa,35,9,3,56.8,47,19,26,20,2,18,67,0,2023-2024,premier-league
issa diop,Fulham,23,5,2,75.0,30,16,17,28,19,9,80,1,2023-2024,premier-league
axel disasi,Chelsea,20,10,3,76.7,33,19,18,26,19,7,102,2,2023-2024,premier-league
ben doak,Liverpool,0,0,0,,0,0,0,0,0,0,0,0,2023-2024,premier-league
lewis dobbin,Everton,3,5,1,55.6,9,7,1,5,1,4,0,0,2023-2024,premier-league
matt doherty,Wolves,17,10,4,52.2,31,18,7,15,5,10,47,0,2023-2024,premier-league
player,Squad,Def 3rd,Mid 3rd,Att 3rd,Tkl%,Tkl,TklW,Int,Blocks,Sh,Pass,Clr,Err,2023-2024,premier-league
jeremy doku,Manchester City,13,12,14,45.0,39,22,9,14,0,14,5,0,2023-2024,premier-league
nicolás domínguez,Nott'ham Forest,35,27,1,47.9,63,34,18,31,5,26,24,0,2023-2024,premier-league
jamie donley,Tottenham,0,0,0,,0,0,0,0,0,0,3,0,2023-2024,premier-league
abdoulaye doucouré,Everton,20,14,9,39.1,43,27,15,23,3,20,19,0,2023-2024,premier-league
cheick doucouré,Crystal Palace,15,13,6,60.0,34,17,20,13,2,11,12,0,2023-2024,premier-league
alfie doughty,Luton Town,29,18,16,45.1,63,40,31,51,9,42,43,4,2023-2024,premier-league
tommy doyle,Wolves,11,10,5,60.9,26,13,12,22,9,13,18,0,2023-2024,premier-league
radu drăgușin,Tottenham,5,0,0,100.0,5,3,8,5,4,1,19,0,2023-2024,premier-league
martin dúbravka,Newcastle Utd,0,0,0,0.0,0,0,0,0,0,0,8,1,2023-2024,premier-league
paul dummett,Newcastle Utd,1,0,0,100.0,1,0,0,0,0,0,1,0,2023-2024,premier-league
lewis dunk,Brighton,17,9,1,36.1,27,14,31,49,37,12,90,1,2023-2024,premier-league
jáder durán,Aston Villa,3,1,2,16.7,6,5,1,6,0,6,10,0,2023-2024,premier-league
george earthy,West Ham,0,0,0,0.0,0,0,1,0,0,0,0,0,2023-2024,premier-league
ederson,Manchester City,0,0,0,0.0,0,0,0,0,0,0,10,1,2023-2024,premier-league
odsonne édouard,Crystal Palace,8,8,8,21.1,24,12,6,17,1,16,19,0,2023-2024,premier-league
john egan,Sheffield Utd,4,2,0,36.4,6,4,13,10,4,6,39,1,2023-2024,premier-league
hjalmar ekdal,Burnley,2,2,0,50.0,4,2,6,10,5,5,21,0,2023-2024,premier-league
anthony elanga,Nott'ham Forest,20,6,7,45.9,33,19,8,22,2,20,20,1,2023-2024,premier-league
harvey elliott,Liverpool,8,14,5,32.3,27,17,6,27,0,27,7,0,2023-2024,premier-league
mohamed elneny,Arsenal,0,0,0,0.0,0,0,1,0,0,0,0,0,2023-2024,premier-league
emerson,Tottenham,23,10,3,48.8,36,24,20,23,10,13,50,1,2023-2024,premier-league
julio enciso,Brighton,3,2,1,28.6,6,2,0,11,0,11,3,0,2023-2024,premier-league
wataru endo,Liverpool,11,31,6,32.8,48,28,20,24,2,22,31,3,2023-2024,premier-league
christian eriksen,Manchester Utd,5,10,3,36.4,18,13,4,17,6,11,13,0,2023-2024,premier-league
maxime estève,Burnley,15,12,0,56.3,27,10,27,21,10,11,56,0,2023-2024,premier-league
player,Squad,Def 3rd,Mid 3rd,Att 3rd,Tkl%,Tkl,TklW,Int,Blocks,Sh,Pass,Clr,Err,2023-2024,premier-league
pervis estupiñán,Brighton,12,11,3,46.7,26,13,21,14,4,10,20,0,2023-2024,premier-league
jonny evans,Manchester Utd,20,2,0,57.1,22,14,23,25,18,7,76,0,2023-2024,premier-league
eberechi eze,Crystal Palace,4,18,13,48.4,35,17,11,27,2,25,6,0,2023-2024,premier-league
łukasz fabiański,West Ham,1,0,0,50.0,1,0,1,0,0,0,4,0,2023-2024,premier-league
romain faivre,Bournemouth,0,1,0,0.0,1,1,0,0,0,0,0,0,2023-2024,premier-league
ansu fati,Brighton,1,2,2,9.1,5,3,3,8,0,8,3,0,2023-2024,premier-league
felipe,Nott'ham Forest,9,3,0,75.0,12,9,4,4,1,3,12,0,2023-2024,premier-league
evan ferguson,Brighton,4,7,3,35.7,14,6,2,10,3,7,8,0,2023-2024,premier-league
bruno fernandes,Manchester Utd,27,25,16,34.1,68,38,27,49,6,43,50,2,2023-2024,premier-league
enzo fernández,Chelsea,22,18,10,41.5,50,22,17,36,13,23,28,0,2023-2024,premier-league
john fleck,Sheffield Utd,0,1,0,0.0,1,0,0,0,0,0,1,0,2023-2024,premier-league
mark flekken,Brentford,1,0,0,20.0,1,1,0,1,0,1,17,1,2023-2024,premier-league
phil foden,Manchester City,11,10,10,41.9,31,20,13,30,0,30,18,1,2023-2024,premier-league
wes foderingham,Sheffield Utd,5,0,0,83.3,5,3,0,0,0,0,18,6,2023-2024,premier-league
pablo fornals,West Ham,4,3,3,31.3,10,6,6,8,1,7,7,0,2023-2024,premier-league
omari forson,Manchester Utd,0,2,0,100.0,2,0,0,0,0,0,0,0,2023-2024,premier-league
lyle foster,Burnley,5,6,8,35.3,19,10,3,13,3,10,34,0,2023-2024,premier-league
matheus frança,Crystal Palace,2,1,0,14.3,3,3,1,4,0,4,1,0,2023-2024,premier-league
nathan fraser,Wolves,2,1,2,33.3,5,2,1,2,1,1,2,0,2023-2024,premier-league
cody gakpo,Liverpool,8,14,5,32.0,27,17,14,21,4,17,7,0,2023-2024,premier-league
conor gallagher,Chelsea,37,31,17,42.9,85,52,43,50,11,39,34,0,2023-2024,premier-league
idrissa gana gueye,Everton,32,27,14,63.0,73,44,28,24,7,17,16,0,2023-2024,premier-league
alejandro garnacho,Manchester Utd,7,6,9,26.7,22,15,18,26,2,24,18,0,2023-2024,premier-league
james garner,Everton,32,38,13,42.7,83,44,45,45,14,31,47,1,2023-2024,premier-league
saman ghoddos,Brentford,19,7,2,54.8,28,19,5,9,2,7,12,0,2023-2024,premier-league
player,Squad,Def 3rd,Mid 3rd,Att 3rd,Tkl%,Tkl,TklW,Int,Blocks,Sh,Pass,Clr,Err,2023-2024,premier-league
morgan gibbs-white,Nott'ham Forest,6,20,10,42.4,36,24,17,31,8,23,21,0,2023-2024,premier-league
bryan gil,Tottenham,0,0,1,25.0,1,0,3,3,0,3,4,0,2023-2024,premier-league
alfie gilchrist,Chelsea,4,0,0,40.0,4,0,3,6,3,3,11,0,2023-2024,premier-league
ryan giles,Luton Town,4,3,1,28.6,8,6,4,2,0,2,22,0,2023-2024,premier-league
billy gilmour,Brighton,14,10,2,31.4,26,16,11,23,9,14,14,1,2023-2024,premier-league
ben godfrey,Everton,17,8,5,53.6,30,20,16,14,8,6,57,0,2023-2024,premier-league
andré gomes,Everton,2,3,2,23.1,7,4,3,10,1,9,4,1,2023-2024,premier-league
joão gomes,Wolves,67,49,12,44.4,128,74,18,51,8,43,29,2,2023-2024,premier-league
toti gomes,Wolves,32,8,4,64.9,44,25,26,40,19,21,93,2,2023-2024,premier-league
joe gomez,Liverpool,24,16,7,47.6,47,31,19,26,4,22,50,2,2023-2024,premier-league
sergio gómez,Manchester City,0,1,0,50.0,1,0,1,0,0,0,0,0,2023-2024,premier-league
enso gonzalez,Wolves,0,0,0,0.0,0,0,0,0,0,0,0,0,2023-2024,premier-league
anthony gordon,Newcastle Utd,16,28,11,34.4,55,34,7,27,0,27,7,0,2023-2024,premier-league
kaide gordon,Liverpool,0,0,0,,0,0,0,0,0,0,0,0,2023-2024,premier-league
daniel gore,Manchester Utd,0,1,0,100.0,1,1,1,0,0,0,0,0,2023-2024,premier-league
ryan gravenberch,Liverpool,5,13,8,41.4,26,12,14,20,2,18,11,0,2023-2024,premier-league
ivo grbić,Sheffield Utd,0,0,0,0.0,0,0,0,1,0,1,9,1,2023-2024,premier-league
jack grealish,Manchester City,6,7,0,50.0,13,8,6,13,2,11,5,0,2023-2024,premier-league
pascal groß,Brighton,33,21,16,43.1,70,46,22,41,8,33,32,3,2023-2024,premier-league
marc guéhi,Crystal Palace,21,7,0,58.3,28,19,18,22,17,5,89,1,2023-2024,premier-league
bruno guimarães,Newcastle Utd,45,32,11,51.9,88,53,35,52,14,38,20,0,2023-2024,premier-league
malo gusto,Chelsea,34,15,6,67.3,55,27,17,28,4,24,43,1,2023-2024,premier-league
joško gvardiol,Manchester City,21,24,10,55.3,55,33,27,36,12,24,37,3,2023-2024,premier-league
erling haaland,Manchester City,0,3,3,66.7,6,3,2,11,1,10,16,0,2023-2024,premier-league
antwoine hackford,Sheffield Utd,0,0,0,,0,0,0,0,0,0,0,0,2023-2024,premier-league
player,Squad,Def 3rd,Mid 3rd,Att 3rd,Tkl%,Tkl,TklW,Int,Blocks,Sh,Pass,Clr,Err,2023-2024,premier-league
lewis hall,Newcastle Utd,17,10,1,60.7,28,18,12,17,2,15,22,1,2023-2024,premier-league
gustavo hamer,Sheffield Utd,17,15,7,27.1,39,21,29,33,9,24,35,0,2023-2024,premier-league
luke harris,Fulham,1,0,0,0.0,1,1,0,0,0,0,0,0,2023-2024,premier-league
jack harrison,Everton,12,12,13,34.7,37,22,12,25,5,20,24,0,2023-2024,premier-league
daiki hashioka,Luton Town,6,4,1,45.5,11,5,8,12,7,5,20,0,2023-2024,premier-league
kai havertz,Arsenal,7,21,7,35.9,35,15,20,26,1,25,22,0,2023-2024,premier-league
jan paul van hecke,Brighton,25,19,3,60.0,47,26,30,49,27,22,76,4,2023-2024,premier-league
hwang hee-chan,Wolves,11,8,1,37.5,20,10,10,19,1,18,9,0,2023-2024,premier-league
dean henderson,Crystal Palace,1,0,0,50.0,1,1,0,0,0,0,8,2,2023-2024,premier-league
rico henry,Brentford,3,3,1,85.7,7,5,5,8,3,5,5,1,2023-2024,premier-league
son heung-min,Tottenham,6,7,8,47.6,21,13,8,4,1,3,4,0,2023-2024,premier-league
aaron hickey,Brentford,9,3,4,100.0,16,9,3,7,3,4,10,0,2023-2024,premier-league
james hill,Bournemouth,1,2,0,100.0,3,2,3,3,2,1,8,0,2023-2024,premier-league
jack hinshelwood,Brighton,7,4,3,38.5,14,5,14,6,2,4,18,0,2023-2024,premier-league
mason holgate,Sheffield Utd,5,6,1,41.7,12,7,11,12,5,7,40,0,2023-2024,premier-league
callum hudson-odoi,Nott'ham Forest,4,5,9,25.0,18,8,7,16,1,15,12,1,2023-2024,premier-league
will hughes,Crystal Palace,30,20,11,50.0,61,33,21,36,14,22,25,0,2023-2024,premier-league
pierre højbjerg,Tottenham,13,17,2,38.2,32,18,19,21,7,14,30,3,2023-2024,premier-league
rasmus højlund,Manchester Utd,2,3,6,38.5,11,7,1,9,1,8,19,0,2023-2024,premier-league
igor,Brighton,7,16,2,58.6,25,18,14,22,9,13,52,1,2023-2024,premier-league
danny ings,West Ham,0,6,0,30.8,6,2,3,4,1,3,7,0,2023-2024,premier-league
tim iroegbunam,Aston Villa,4,2,1,44.4,7,5,2,3,0,3,3,0,2023-2024,premier-league
alexander isak,Newcastle Utd,2,1,2,25.0,5,0,6,16,1,15,13,0,2023-2024,premier-league
alex iwobi,Everton,1,0,1,66.7,2,0,1,2,0,2,0,0,2023-2024,premier-league
alex iwobi,Fulham,12,15,2,48.0,29,18,14,16,0,16,9,0,2023-2024,premier-league
player,Squad,Def 3rd,Mid 3rd,Att 3rd,Tkl%,Tkl,TklW,Int,Blocks,Sh,Pass,Clr,Err,2023-2024,premier-league
nicolas jackson,Chelsea,5,8,8,20.8,21,13,4,20,5,15,17,0,2023-2024,premier-league
reece james,Chelsea,10,3,1,80.0,14,9,3,4,4,0,7,1,2023-2024,premier-league
vitaly janelt,Brentford,29,25,9,50.0,63,38,36,35,9,26,64,3,2023-2024,premier-league
daniel jebbison,Sheffield Utd,0,0,0,,0,0,0,1,0,1,0,0,2023-2024,premier-league
mathias jensen,Brentford,25,22,7,27.4,54,32,23,41,6,35,25,1,2023-2024,premier-league
gabriel jesus,Arsenal,11,5,8,27.8,24,17,13,23,1,22,12,0,2023-2024,premier-league
raúl jiménez,Fulham,4,8,6,35.0,18,12,4,11,3,8,13,0,2023-2024,premier-league
joão pedro,Brighton,10,13,8,58.3,31,14,11,15,2,13,28,0,2023-2024,premier-league
joelinton,Newcastle Utd,21,15,3,36.8,39,27,19,23,7,16,11,1,2023-2024,premier-league
ben johnson,West Ham,7,3,1,64.3,11,7,5,2,1,1,14,0,2023-2024,premier-league
brennan johnson,Tottenham,14,5,7,38.7,26,15,10,37,1,36,12,1,2023-2024,premier-league
brennan johnson,Nott'ham Forest,1,1,2,50.0,4,1,0,4,1,3,0,0,2023-2024,premier-league
joseph johnson,Luton Town,0,0,0,0.0,0,0,0,0,0,0,0,0,2023-2024,premier-league
sam johnstone,Crystal Palace,1,0,0,100.0,1,0,1,0,0,0,5,0,2023-2024,premier-league
curtis jones,Liverpool,12,12,3,43.5,27,14,7,22,0,22,8,0,2023-2024,premier-league
jorginho,Arsenal,6,10,8,47.8,24,10,12,17,1,16,7,1,2023-2024,premier-league
diogo jota,Liverpool,6,13,4,43.5,23,13,7,9,1,8,4,0,2023-2024,premier-league
mads juel andersen,Luton Town,4,2,0,100.0,6,5,8,9,6,3,29,0,2023-2024,premier-league
hamed junior traorè,Bournemouth,1,0,0,33.3,1,0,0,3,0,3,0,0,2023-2024,premier-league
mathias jørgensen,Brentford,15,1,1,57.9,17,12,12,9,5,4,40,0,2023-2024,premier-league
issa kaboré,Luton Town,23,21,8,53.3,52,28,16,22,11,11,56,2,2023-2024,premier-league
sasa kalajdzic,Wolves,3,2,1,50.0,6,2,1,3,0,3,6,0,2023-2024,premier-league
boubacar kamara,Aston Villa,16,21,6,51.1,43,29,21,21,7,14,16,0,2023-2024,premier-league
willy kambwala,Manchester Utd,1,2,0,33.3,3,1,4,6,3,3,14,1,2023-2024,premier-league
thomas kaminski,Luton Town,2,0,0,33.3,2,1,0,1,0,1,14,2,2023-2024,premier-league
player,Squad,Def 3rd,Mid 3rd,Att 3rd,Tkl%,Tkl,TklW,Int,Blocks,Sh,Pass,Clr,Err,2023-2024,premier-league
loris karius,Newcastle Utd,0,0,0,,0,0,0,0,0,0,1,0,2023-2024,premier-league
michael keane,Everton,3,3,1,14.3,7,3,5,5,4,1,18,1,2023-2024,premier-league
thilo kehrer,West Ham,0,1,0,,1,1,0,2,2,0,0,0,2023-2024,premier-league
caoimhín kelleher,Liverpool,0,0,0,,0,0,0,0,0,0,4,1,2023-2024,premier-league
lloyd kelly,Bournemouth,10,9,5,56.0,24,19,13,22,12,10,67,0,2023-2024,premier-league
omari kellyman,Aston Villa,0,1,0,50.0,1,0,0,0,0,0,0,0,2023-2024,premier-league
milos kerkez,Bournemouth,31,13,3,71.4,47,26,20,31,11,20,60,2,2023-2024,premier-league
kaine kesler-hayden,Aston Villa,0,0,0,,0,0,0,0,0,0,0,0,2023-2024,premier-league
max kilman,Wolves,40,6,1,75.0,47,21,39,64,37,27,182,4,2023-2024,premier-league
jakub kiwior,Arsenal,11,8,1,73.7,20,12,8,11,3,8,28,1,2023-2024,premier-league
justin kluivert,Bournemouth,5,12,11,26.7,28,14,8,16,1,15,11,0,2023-2024,premier-league
luca koleosho,Burnley,2,5,0,20.0,7,4,2,13,0,13,0,0,2023-2024,premier-league
ibrahima konaté,Liverpool,22,13,1,75.0,36,22,20,18,12,6,51,1,2023-2024,premier-league
ezri konsa,Aston Villa,28,23,3,85.2,54,32,28,36,20,16,73,3,2023-2024,premier-league
cheikhou kouyaté,Nott'ham Forest,3,3,2,25.0,8,5,2,4,1,3,10,0,2023-2024,premier-league
mateo kovačić,Manchester City,16,15,5,64.3,36,25,10,23,1,22,10,0,2023-2024,premier-league
emil krafth,Newcastle Utd,10,7,4,48.0,21,14,9,8,3,5,21,0,2023-2024,premier-league
mohammed kudus,West Ham,27,27,11,50.0,65,47,11,25,0,25,9,1,2023-2024,premier-league
dejan kulusevski,Tottenham,19,20,23,37.3,62,33,18,24,1,23,2,1,2023-2024,premier-league
adam lallana,Brighton,4,4,0,0.0,8,3,3,2,1,1,1,0,2023-2024,premier-league
tariq lamptey,Brighton,14,5,2,59.1,21,14,6,7,3,4,6,0,2023-2024,premier-league
aymeric laporte,Manchester City,0,0,0,,0,0,0,1,1,0,1,0,2023-2024,premier-league
yasser larouci,Sheffield Utd,10,5,2,71.4,17,9,7,6,1,5,20,1,2023-2024,premier-league
jamaal lascelles,Newcastle Utd,7,7,0,54.5,14,9,5,17,12,5,42,0,2023-2024,premier-league
roméo lavia,Chelsea,0,1,0,,1,0,0,0,0,0,1,0,2023-2024,premier-league
player,Squad,Def 3rd,Mid 3rd,Att 3rd,Tkl%,Tkl,TklW,Int,Blocks,Sh,Pass,Clr,Err,2023-2024,premier-league
mario lemina,Wolves,46,33,11,53.2,90,58,41,36,9,27,64,0,2023-2024,premier-league
clément lenglet,Aston Villa,7,5,1,53.8,13,9,7,19,11,8,47,1,2023-2024,premier-league
bernd leno,Fulham,0,0,0,,0,0,0,0,0,0,14,1,2023-2024,premier-league
jefferson lerma,Crystal Palace,15,23,4,47.5,42,25,36,31,12,19,72,0,2023-2024,premier-league
rico lewis,Manchester City,4,4,2,42.9,10,7,4,7,1,6,6,0,2023-2024,premier-league
keane lewis-potter,Brentford,5,11,1,46.7,17,7,7,10,2,8,23,0,2023-2024,premier-league
victor lindelöf,Manchester Utd,8,7,0,38.5,15,10,12,18,9,9,40,1,2023-2024,premier-league
valentino livramento,Newcastle Utd,15,6,2,47.6,23,13,25,16,7,9,41,1,2023-2024,premier-league
giovani lo celso,Tottenham,10,8,4,64.3,22,13,5,4,1,3,2,0,2023-2024,premier-league
tom lockyer,Luton Town,17,6,2,68.2,25,16,23,23,13,10,68,0,2023-2024,premier-league
sean longstaff,Newcastle Utd,17,29,8,38.1,54,30,17,43,7,36,23,0,2023-2024,premier-league
max lowe,Sheffield Utd,13,5,3,53.3,21,10,5,10,4,6,15,0,2023-2024,premier-league
douglas luiz,Aston Villa,21,27,10,47.2,58,38,23,32,8,24,18,2,2023-2024,premier-league
saša lukić,Fulham,9,17,7,46.2,33,19,16,18,5,13,19,1,2023-2024,premier-league
ian maatsen,Chelsea,1,1,1,0.0,3,2,3,4,0,4,10,0,2023-2024,premier-league
alexis mac allister,Liverpool,35,50,14,47.2,99,55,35,65,8,57,25,1,2023-2024,premier-league
james maddison,Tottenham,5,18,10,51.7,33,19,13,15,3,12,10,1,2023-2024,premier-league
noni madueke,Chelsea,8,4,4,32.4,16,10,4,11,0,11,14,0,2023-2024,premier-league
gabriel magalhães,Arsenal,24,22,2,77.3,48,28,31,44,33,11,100,1,2023-2024,premier-league
harry maguire,Manchester Utd,14,10,0,54.5,24,17,25,33,24,9,83,1,2023-2024,premier-league
kobbie mainoo,Manchester Utd,20,16,11,46.7,47,27,22,20,12,8,30,1,2023-2024,premier-league
orel mangala,Nott'ham Forest,16,10,1,48.3,27,13,26,12,6,6,32,0,2023-2024,premier-league
benson manuel,Burnley,2,1,0,,3,2,0,1,0,1,0,0,2023-2024,premier-league
solly march,Brighton,9,7,3,57.1,19,14,11,5,0,5,8,0,2023-2024,premier-league
anthony martial,Manchester Utd,1,1,2,100.0,4,1,0,4,0,4,3,0,2023-2024,premier-league
player,Squad,Def 3rd,Mid 3rd,Att 3rd,Tkl%,Tkl,TklW,Int,Blocks,Sh,Pass,Clr,Err,2023-2024,premier-league
gabriel martinelli,Arsenal,9,12,9,40.6,30,24,5,23,1,22,9,1,2023-2024,premier-league
emiliano martínez,Aston Villa,0,0,0,,0,0,0,0,0,0,12,3,2023-2024,premier-league
lisandro martínez,Manchester Utd,8,4,0,41.7,12,8,5,10,8,2,26,0,2023-2024,premier-league
han-noah massengo,Burnley,1,0,0,,1,1,0,1,0,1,0,0,2023-2024,premier-league
pape matar sarr,Tottenham,11,17,6,41.7,34,24,31,21,5,16,28,1,2023-2024,premier-league
jean-philippe mateta,Crystal Palace,4,11,7,60.0,22,15,4,13,4,9,14,0,2023-2024,premier-league
joël matip,Liverpool,7,4,1,66.7,12,6,9,16,12,4,43,0,2023-2024,premier-league
alex matos,Chelsea,0,0,0,,0,0,0,0,0,0,0,0,2023-2024,premier-league
remi matthews,Crystal Palace,0,0,0,,0,0,0,0,0,0,1,0,2023-2024,premier-league
neal maupay,Brentford,4,5,1,23.1,10,7,2,11,0,11,3,0,2023-2024,premier-league
neal maupay,Everton,0,0,0,0.0,0,0,0,2,0,2,1,0,2023-2024,premier-league
konstantinos mavropanos,West Ham,17,9,2,81.0,28,16,23,21,13,8,79,3,2023-2024,premier-league
bryan mbeumo,Brentford,6,6,3,26.3,15,10,7,26,2,24,13,0,2023-2024,premier-league
james mcatee,Sheffield Utd,9,13,10,39.4,32,21,11,20,0,20,18,0,2023-2024,premier-league
james mcatee,Manchester City,0,0,0,,0,0,0,1,0,1,0,0,2023-2024,premier-league
oliver mcburnie,Sheffield Utd,4,7,6,41.7,17,7,5,18,2,16,28,0,2023-2024,premier-league
james mcconnell,Liverpool,0,0,0,,0,0,1,1,0,1,0,0,2023-2024,premier-league
john mcginn,Aston Villa,18,34,7,41.6,59,35,21,33,4,29,21,0,2023-2024,premier-league
scott mckenna,Nott'ham Forest,3,1,0,66.7,4,0,5,6,4,2,27,0,2023-2024,premier-league
dwight mcneil,Everton,16,14,14,43.6,44,27,22,44,7,37,37,0,2023-2024,premier-league
scott mctominay,Manchester Utd,23,24,2,66.7,49,25,14,34,12,22,54,0,2023-2024,premier-league
ben mee,Brentford,12,12,2,77.3,26,15,13,21,13,8,63,1,2023-2024,premier-league
hannibal mejbri,Manchester Utd,1,2,0,33.3,3,3,0,1,1,0,0,0,2023-2024,premier-league
teden mengi,Luton Town,33,20,1,63.3,54,22,57,39,27,12,140,1,2023-2024,premier-league
chris mepham,Bournemouth,9,3,0,64.3,12,11,7,13,6,7,30,1,2023-2024,premier-league
player,Squad,Def 3rd,Mid 3rd,Att 3rd,Tkl%,Tkl,TklW,Int,Blocks,Sh,Pass,Clr,Err,2023-2024,premier-league
lewis miley,Newcastle Utd,6,20,7,46.9,33,21,8,20,3,17,18,2,2023-2024,premier-league
james milner,Brighton,9,10,1,64.3,20,14,8,9,0,9,16,0,2023-2024,premier-league
tyrone mings,Aston Villa,0,0,0,,0,0,1,0,0,0,1,0,2023-2024,premier-league
tyrick mitchell,Crystal Palace,75,21,9,71.7,105,60,26,63,10,53,104,0,2023-2024,premier-league
kaoru mitoma,Brighton,3,7,3,26.3,13,6,5,15,1,14,12,0,2023-2024,premier-league
aleksandar mitrović,Fulham,0,0,0,,0,0,0,0,0,0,0,0,2023-2024,premier-league
jakub moder,Brighton,9,5,5,50.0,19,10,2,8,2,6,12,0,2023-2024,premier-league
gonzalo montiel,Nott'ham Forest,12,8,2,55.2,22,19,9,8,3,5,31,1,2023-2024,premier-league
kieffer moore,Bournemouth,0,0,0,,0,0,0,0,0,0,0,0,2023-2024,premier-league
mikey moore,Tottenham,0,0,0,,0,0,0,0,0,0,1,0,2023-2024,premier-league
álex moreno,Aston Villa,18,0,0,63.2,18,12,13,11,2,9,37,0,2023-2024,premier-league
carlton morris,Luton Town,4,6,5,60.0,15,8,1,24,5,19,53,0,2023-2024,premier-league
mason mount,Manchester Utd,6,10,6,37.5,22,14,6,6,1,5,3,0,2023-2024,premier-league
divin mubama,West Ham,0,0,0,,0,0,0,0,0,0,0,0,2023-2024,premier-league
mykhailo mudryk,Chelsea,9,7,5,31.3,21,12,9,14,1,13,9,0,2023-2024,premier-league
rodrigo muniz,Fulham,1,5,1,16.7,7,3,6,9,3,6,20,0,2023-2024,premier-league
daniel muñoz,Crystal Palace,31,14,10,50.0,55,35,24,29,7,22,47,0,2023-2024,premier-league
finley munroe,Aston Villa,0,0,0,,0,0,0,0,0,0,0,0,2023-2024,premier-league
arijanet muric,Burnley,1,0,0,100.0,1,1,0,0,0,0,10,4,2023-2024,premier-league
murillo,Nott'ham Forest,36,13,1,57.6,50,31,37,41,24,17,188,0,2023-2024,premier-league
alex murphy,Newcastle Utd,0,1,0,50.0,1,1,1,1,0,1,0,0,2023-2024,premier-league
jacob murphy,Newcastle Utd,8,4,8,46.2,20,10,6,17,0,17,16,0,2023-2024,premier-league
vitaliy mykolenko,Everton,46,21,2,62.1,69,38,36,36,11,25,92,0,2023-2024,premier-league
marvelous nakamba,Luton Town,24,14,2,57.1,40,24,11,23,6,17,11,1,2023-2024,premier-league
michael ndiweni,Newcastle Utd,0,0,0,,0,0,0,0,0,0,0,0,2023-2024,premier-league
player,Squad,Def 3rd,Mid 3rd,Att 3rd,Tkl%,Tkl,TklW,Int,Blocks,Sh,Pass,Clr,Err,2023-2024,premier-league
reiss nelson,Arsenal,5,1,3,80.0,9,6,1,5,1,4,5,0,2023-2024,premier-league
zack nelson,Luton Town,1,0,0,,1,0,0,0,0,0,0,0,2023-2024,premier-league
neto,Bournemouth,0,0,0,,0,0,1,1,0,1,12,3,2023-2024,premier-league
pedro neto,Wolves,3,2,2,33.3,7,3,5,5,1,4,2,0,2023-2024,premier-league
moussa niakhate,Nott'ham Forest,33,9,0,80.0,42,25,14,19,12,7,51,0,2023-2024,premier-league
eddie nketiah,Arsenal,2,6,4,28.6,12,7,4,11,0,11,4,0,2023-2024,premier-league
christopher nkunku,Chelsea,0,4,1,50.0,5,4,2,4,1,3,4,0,2023-2024,premier-league
rhys norrington-davies,Sheffield Utd,1,0,0,0.0,1,1,1,2,0,2,2,0,2023-2024,premier-league
oliver norwood,Sheffield Utd,18,18,5,42.6,41,26,21,24,9,15,39,0,2023-2024,premier-league
matheus nunes,Wolves,3,0,0,33.3,3,1,6,0,0,0,1,0,2023-2024,premier-league
matheus nunes,Manchester City,1,7,2,31.3,10,4,1,7,1,6,8,1,2023-2024,premier-league
darwin núñez,Liverpool,2,10,10,47.8,22,12,3,18,6,12,9,0,2023-2024,premier-league
ethan nwaneri,Arsenal,0,0,0,,0,0,0,1,0,1,0,0,2023-2024,premier-league
christian nørgaard,Brentford,42,31,8,36.8,81,50,54,48,6,42,50,0,2023-2024,premier-league
mark o'mahony,Brighton,1,0,0,50.0,1,0,0,2,1,1,1,0,2023-2024,premier-league
dara o'shea,Burnley,22,14,3,42.3,39,20,35,41,30,11,158,2,2023-2024,premier-league
michael obafemi,Burnley,0,0,0,,0,0,0,1,0,1,0,0,2023-2024,premier-league
wilson odobert,Burnley,8,5,4,27.3,17,13,6,26,2,24,14,0,2023-2024,premier-league
odeluga offiah,Brighton,1,0,0,100.0,1,0,1,0,0,0,0,0,2023-2024,premier-league
chiedozie ogbene,Luton Town,10,7,0,54.5,17,10,7,14,3,11,34,2,2023-2024,premier-league
angelo ogbonna,West Ham,9,2,0,85.7,11,5,3,13,10,3,29,0,2023-2024,premier-league
michael olakigbe,Brentford,2,1,0,50.0,3,0,1,7,0,7,0,1,2023-2024,premier-league
michael olise,Crystal Palace,7,10,2,33.3,19,10,11,21,0,21,9,0,2023-2024,premier-league
robin olsen,Aston Villa,0,0,0,,0,0,0,0,0,0,1,0,2023-2024,premier-league
andrew omobamidele,Nott'ham Forest,9,1,0,62.5,10,3,13,12,8,4,42,1,2023-2024,premier-league
player,Squad,Def 3rd,Mid 3rd,Att 3rd,Tkl%,Tkl,TklW,Int,Blocks,Sh,Pass,Clr,Err,2023-2024,premier-league
amadou onana,Everton,32,31,8,50.0,71,38,21,25,6,19,31,0,2023-2024,premier-league
andré onana,Manchester Utd,2,0,0,100.0,2,0,0,0,0,0,11,2,2023-2024,premier-league
ryan one,Sheffield Utd,0,0,0,,0,0,0,0,0,0,0,0,2023-2024,premier-league
tyler onyango,Everton,0,0,0,,0,0,0,0,0,0,0,0,2023-2024,premier-league
fred onyedinma,Luton Town,7,3,0,41.7,10,6,1,3,0,3,13,0,2023-2024,premier-league
frank onyeka,Brentford,9,23,5,55.2,37,24,23,15,7,8,17,0,2023-2024,premier-league
divock origi,Nott'ham Forest,5,0,1,,6,4,2,6,0,6,4,0,2023-2024,premier-league
stefan ortega,Manchester City,0,0,0,,0,0,0,0,0,0,2,1,2023-2024,premier-league
ben osborn,Sheffield Utd,11,9,2,47.1,22,9,8,18,2,16,30,0,2023-2024,premier-league
gabriel osho,Luton Town,21,19,1,59.3,41,22,31,37,20,17,92,0,2023-2024,premier-league
william osula,Sheffield Utd,1,0,1,50.0,2,2,2,3,1,2,9,0,2023-2024,premier-league
dango ouattara,Bournemouth,22,11,12,55.9,45,27,22,18,3,15,35,0,2023-2024,premier-league
david ozoh,Crystal Palace,3,6,1,83.3,10,6,0,2,0,2,2,0,2023-2024,premier-league
joão palhinha,Fulham,80,60,12,67.8,152,75,46,57,9,48,58,0,2023-2024,premier-league
cole palmer,Chelsea,9,6,8,42.1,23,12,20,20,2,18,13,2,2023-2024,premier-league
cole palmer,Manchester City,0,0,0,,0,0,0,0,0,0,0,0,2023-2024,premier-league
emerson palmieri,West Ham,48,42,16,63.3,106,68,43,47,15,32,96,0,2023-2024,premier-league
lucas paquetá,West Ham,38,26,7,48.1,71,48,21,28,1,27,28,2,2023-2024,premier-league
ben parkinson,Newcastle Utd,0,0,0,,0,0,0,1,0,1,1,0,2023-2024,premier-league
thomas partey,Arsenal,9,4,1,50.0,14,11,11,9,3,6,9,0,2023-2024,premier-league
nathan patterson,Everton,21,11,2,37.8,34,24,9,14,3,11,33,0,2023-2024,premier-league
myles peart-harris,Brentford,0,0,0,,0,0,0,0,0,0,1,0,2023-2024,premier-league
sydie peck,Sheffield Utd,0,0,0,,0,0,0,0,0,0,0,0,2023-2024,premier-league
facundo pellistri,Manchester Utd,4,1,0,33.3,5,3,1,7,1,6,5,0,2023-2024,premier-league
andreas pereira,Fulham,4,12,9,26.8,25,12,4,16,2,14,12,0,2023-2024,premier-league
player,Squad,Def 3rd,Mid 3rd,Att 3rd,Tkl%,Tkl,TklW,Int,Blocks,Sh,Pass,Clr,Err,2023-2024,premier-league
ivan perišić,Tottenham,1,1,1,60.0,3,2,2,1,0,1,1,0,2023-2024,premier-league
đorđe petrović,Chelsea,0,0,0,,0,0,0,0,0,0,12,3,2023-2024,premier-league
kalvin phillips,West Ham,2,8,1,55.6,11,6,4,4,1,3,2,1,2023-2024,premier-league
kalvin phillips,Manchester City,1,1,1,,3,3,2,0,0,0,2,0,2023-2024,premier-league
jaden philogene bidace,Aston Villa,0,0,0,,0,0,0,0,0,0,0,0,2023-2024,premier-league
jordan pickford,Everton,1,0,0,100.0,1,0,0,3,0,3,19,1,2023-2024,premier-league
ethan pinnock,Brentford,22,13,0,45.0,35,23,43,40,24,16,170,3,2023-2024,premier-league
nick pope,Newcastle Utd,0,0,0,0.0,0,0,0,0,0,0,7,2,2023-2024,premier-league
pedro porro,Tottenham,43,34,14,51.7,91,63,34,63,18,45,102,3,2023-2024,premier-league
jarell quansah,Liverpool,17,7,1,70.0,25,22,17,16,8,8,39,1,2023-2024,premier-league
ionuț radu,Bournemouth,0,0,0,,0,0,0,0,0,0,0,0,2023-2024,premier-league
jesurun rak sakyi,Crystal Palace,3,1,0,66.7,4,1,3,2,0,2,1,0,2023-2024,premier-league
aaron ramsdale,Arsenal,0,0,0,,0,0,0,0,0,0,3,2,2023-2024,premier-league
aaron ramsey,Burnley,7,5,5,50.0,17,14,1,11,2,9,10,0,2023-2024,premier-league
jacob ramsey,Aston Villa,7,6,3,33.3,16,8,3,15,2,13,8,0,2023-2024,premier-league
marcus rashford,Manchester Utd,9,4,6,34.6,19,12,4,15,1,14,21,0,2023-2024,premier-league
david raya,Arsenal,1,0,0,100.0,1,1,0,0,0,0,8,5,2023-2024,premier-league
tim ream,Fulham,13,5,2,50.0,20,9,25,23,15,8,61,2,2023-2024,premier-league
nathan redmond,Burnley,0,0,2,25.0,2,1,0,1,0,1,3,0,2023-2024,premier-league
harrison reed,Fulham,9,17,3,41.9,29,18,11,19,9,10,24,0,2023-2024,premier-league
sergio reguilón,Manchester Utd,6,2,5,47.1,13,8,5,10,0,10,7,0,2023-2024,premier-league
sergio reguilón,Brentford,26,18,1,60.0,45,20,16,23,6,17,41,1,2023-2024,premier-league
gio reyna,Nott'ham Forest,4,0,3,50.0,7,3,2,3,0,3,0,0,2023-2024,premier-league
rodrigo ribeiro,Nott'ham Forest,0,0,0,0.0,0,0,1,1,0,1,0,0,2023-2024,premier-league
declan rice,Arsenal,37,38,8,56.1,83,51,44,37,11,26,52,0,2023-2024,premier-league
player,Squad,Def 3rd,Mid 3rd,Att 3rd,Tkl%,Tkl,TklW,Int,Blocks,Sh,Pass,Clr,Err,2023-2024,premier-league
chris richards,Crystal Palace,21,22,3,66.7,46,28,27,32,12,20,109,0,2023-2024,premier-league
richarlison,Tottenham,4,8,4,20.0,16,11,8,32,6,26,23,0,2023-2024,premier-league
jaïro riedewald,Crystal Palace,2,4,3,50.0,9,3,2,0,0,0,2,0,2023-2024,premier-league
matt ritchie,Newcastle Utd,2,2,1,50.0,5,3,1,3,2,1,5,0,2023-2024,premier-league
connor roberts,Burnley,6,4,2,47.1,12,5,4,8,6,2,25,2,2023-2024,premier-league
andrew robertson,Liverpool,21,11,3,60.5,35,24,13,20,6,14,40,0,2023-2024,premier-league
antonee robinson,Fulham,60,26,7,47.3,93,58,80,56,8,48,117,3,2023-2024,premier-league
jack robinson,Sheffield Utd,29,14,0,64.1,43,28,33,49,33,16,132,2,2023-2024,premier-league
rodri,Manchester City,25,33,12,48.3,70,43,26,32,8,24,41,4,2023-2024,premier-league
jay rodriguez,Burnley,7,4,3,53.8,14,9,1,11,1,10,8,0,2023-2024,premier-league
mads roerslev,Brentford,34,9,5,50.0,48,31,19,15,3,12,71,0,2023-2024,premier-league
morgan rogers,Aston Villa,3,2,3,18.2,8,1,3,11,0,11,11,0,2023-2024,premier-league
cristian romero,Tottenham,35,25,6,72.7,66,40,44,46,22,24,106,1,2023-2024,premier-league
joe rothwell,Bournemouth,4,2,1,25.0,7,2,3,4,2,2,2,0,2023-2024,premier-league
pelly ruddock mpanzu,Luton Town,6,6,1,55.6,13,5,9,15,7,8,16,3,2023-2024,premier-league
josé sá,Wolves,0,0,0,0.0,0,0,0,3,0,3,21,5,2023-2024,premier-league
dominic sadi,Bournemouth,0,0,0,,0,0,0,0,0,0,0,0,2023-2024,premier-league
bukayo saka,Arsenal,22,24,20,44.1,66,35,15,43,2,41,24,1,2023-2024,premier-league
mohamed salah,Liverpool,1,8,8,28.6,17,11,2,19,1,18,1,0,2023-2024,premier-league
william saliba,Arsenal,28,12,1,74.1,41,26,29,32,17,15,81,3,2023-2024,premier-league
albert sambi lokonga,Luton Town,14,12,3,70.8,29,18,11,23,13,10,14,0,2023-2024,premier-league
davinson sánchez,Tottenham,0,0,0,,0,0,1,3,2,1,2,0,2023-2024,premier-league
robert sánchez,Chelsea,0,0,0,,0,0,0,0,0,0,11,3,2023-2024,premier-league
jadon sancho,Manchester Utd,1,0,0,33.3,1,0,1,1,0,1,0,0,2023-2024,premier-league
ibrahim sangaré,Nott'ham Forest,25,13,4,41.4,42,23,16,24,7,17,21,0,2023-2024,premier-league
player,Squad,Def 3rd,Mid 3rd,Att 3rd,Tkl%,Tkl,TklW,Int,Blocks,Sh,Pass,Clr,Err,2023-2024,premier-league
andrey santos,Nott'ham Forest,0,0,0,,0,0,0,1,0,1,0,0,2023-2024,premier-league
pablo sarabia,Wolves,8,8,4,33.3,20,13,10,17,1,16,9,0,2023-2024,premier-league
dane scarlett,Tottenham,0,0,1,0.0,1,1,0,0,0,0,0,0,2023-2024,premier-league
kevin schade,Brentford,1,2,0,0.0,3,1,1,2,0,2,4,0,2023-2024,premier-league
fabian schär,Newcastle Utd,27,13,2,45.0,42,24,36,50,38,12,133,1,2023-2024,premier-league
jeffrey schlupp,Crystal Palace,14,16,8,50.0,38,24,8,13,2,11,24,0,2023-2024,premier-league
alex scott,Bournemouth,8,10,6,42.9,24,15,12,14,4,10,18,2,2023-2024,premier-league
matz sels,Nott'ham Forest,0,0,0,,0,0,0,0,0,0,11,1,2023-2024,premier-league
nélson semedo,Wolves,52,19,8,59.4,79,48,36,44,8,36,85,1,2023-2024,premier-league
antoine semenyo,Bournemouth,7,9,8,33.3,24,17,6,39,2,37,21,0,2023-2024,premier-league
marcos senesi,Bournemouth,28,23,4,42.9,55,32,35,50,23,27,109,1,2023-2024,premier-league
luke shaw,Manchester Utd,7,3,1,60.0,11,8,6,18,11,7,39,0,2023-2024,premier-league
james shea,Luton Town,0,0,0,,0,0,0,0,0,0,2,0,2023-2024,premier-league
bernardo silva,Manchester City,13,25,13,43.9,51,23,17,32,4,28,15,1,2023-2024,premier-league
fábio silva,Wolves,3,4,0,66.7,7,4,2,1,0,1,0,0,2023-2024,premier-league
thiago silva,Chelsea,22,6,1,58.8,29,15,26,33,24,9,153,4,2023-2024,premier-league
luis sinisterra,Bournemouth,9,10,4,56.3,23,12,8,18,0,18,4,0,2023-2024,premier-league
oliver skipp,Tottenham,9,6,3,61.1,18,12,3,12,1,11,9,0,2023-2024,premier-league
adam smith,Bournemouth,18,11,8,48.7,37,23,21,28,11,17,62,0,2023-2024,premier-league
emile smith rowe,Arsenal,2,2,0,50.0,4,1,3,3,1,2,1,0,2023-2024,premier-league
cédric soares,Arsenal,0,0,0,,0,0,0,0,0,0,0,0,2023-2024,premier-league
dominic solanke,Bournemouth,3,13,7,34.5,23,11,7,24,5,19,43,0,2023-2024,premier-league
manor solomon,Tottenham,1,1,1,50.0,3,3,3,4,0,4,2,0,2023-2024,premier-league
tomáš souček,West Ham,24,26,3,44.7,53,35,37,55,28,27,109,0,2023-2024,premier-league
vinicius souza,Sheffield Utd,59,51,15,55.4,125,76,32,57,17,40,75,1,2023-2024,premier-league
player,Squad,Def 3rd,Mid 3rd,Att 3rd,Tkl%,Tkl,TklW,Int,Blocks,Sh,Pass,Clr,Err,2023-2024,premier-league
jason steele,Brighton,0,0,0,0.0,0,0,0,0,0,0,8,1,2023-2024,premier-league
raheem sterling,Chelsea,7,8,6,46.2,21,10,13,13,0,13,9,1,2023-2024,premier-league
john stones,Manchester City,1,0,1,0.0,2,1,10,11,7,4,21,0,2023-2024,premier-league
thomas strakosha,Brentford,0,0,0,,0,0,0,0,0,0,0,0,2023-2024,premier-league
dominik szoboszlai,Liverpool,12,12,8,32.0,32,19,15,37,2,35,16,1,2023-2024,premier-league
matt targett,Newcastle Utd,1,1,0,100.0,2,0,0,1,0,1,2,0,2023-2024,premier-league
james tarkowski,Everton,46,14,1,56.3,61,42,56,82,56,26,191,2,2023-2024,premier-league
jimi tauriainen,Chelsea,0,0,0,,0,0,0,0,0,0,0,0,2023-2024,premier-league
nuno tavares,Nott'ham Forest,9,1,1,88.9,11,7,1,6,0,6,21,0,2023-2024,premier-league
marcus tavernier,Bournemouth,25,22,6,54.2,53,34,5,31,3,28,23,0,2023-2024,premier-league
charlie taylor,Burnley,19,14,2,48.6,35,20,19,27,11,16,78,0,2023-2024,premier-league
kenny tete,Fulham,19,6,2,57.9,27,17,16,10,3,7,35,0,2023-2024,premier-league
luke thomas,Sheffield Utd,13,6,1,57.1,20,9,10,23,5,18,27,0,2023-2024,premier-league
youri tielemans,Aston Villa,17,18,6,40.0,41,20,15,23,3,20,9,0,2023-2024,premier-league
jurriën timber,Arsenal,1,1,0,,2,2,0,1,0,1,1,0,2023-2024,premier-league
harry toffolo,Nott'ham Forest,20,6,0,62.5,26,14,14,34,13,21,49,0,2023-2024,premier-league
takehiro tomiyasu,Arsenal,15,4,1,61.1,20,9,18,10,4,6,33,0,2023-2024,premier-league
james tomkins,Crystal Palace,0,0,0,,0,0,1,0,0,0,0,0,2023-2024,premier-league
sandro tonali,Newcastle Utd,4,2,1,33.3,7,7,2,3,0,3,4,0,2023-2024,premier-league
ivan toney,Brentford,2,7,6,42.9,15,5,10,5,1,4,18,0,2023-2024,premier-league
pau torres,Aston Villa,17,11,1,46.7,29,18,14,28,12,16,75,0,2023-2024,premier-league
andros townsend,Luton Town,11,2,8,48.1,21,13,5,12,0,12,10,0,2023-2024,premier-league
james trafford,Burnley,2,0,0,100.0,2,1,1,0,0,0,18,1,2023-2024,premier-league
adama traoré,Fulham,1,2,1,50.0,4,3,1,2,0,2,2,0,2023-2024,premier-league
bénie traoré,Sheffield Utd,1,2,1,0.0,4,2,1,4,1,3,1,0,2023-2024,premier-league
player,Squad,Def 3rd,Mid 3rd,Att 3rd,Tkl%,Tkl,TklW,Int,Blocks,Sh,Pass,Clr,Err,2023-2024,premier-league
bertrand traoré,Aston Villa,1,0,0,,1,1,0,0,0,0,1,0,2023-2024,premier-league
boubacar traoré,Wolves,16,17,2,42.9,35,23,5,12,2,10,7,0,2023-2024,premier-league
mark travers,Bournemouth,0,0,0,,0,0,0,0,0,0,2,0,2023-2024,premier-league
mike trésor,Burnley,9,1,0,44.4,10,6,1,5,0,5,1,0,2023-2024,premier-league
kieran trippier,Newcastle Utd,30,16,11,48.1,57,27,24,41,8,33,57,3,2023-2024,premier-league
leandro trossard,Arsenal,8,9,10,36.0,27,16,8,27,1,26,6,0,2023-2024,premier-league
auston trusty,Sheffield Utd,31,13,3,48.8,47,30,35,41,22,19,153,3,2023-2024,premier-league
kostas tsimikas,Liverpool,9,6,4,60.0,19,13,6,9,1,8,10,0,2023-2024,premier-league
matt turner,Nott'ham Forest,0,0,0,,0,0,0,0,0,0,8,4,2023-2024,premier-league
destiny udogie,Tottenham,41,16,11,55.1,68,33,37,27,8,19,80,5,2023-2024,premier-league
lesley ugochukwu,Chelsea,4,8,2,40.0,14,10,1,6,2,4,5,0,2023-2024,premier-league
enes ünal,Bournemouth,2,3,1,40.0,6,4,1,4,2,2,6,0,2023-2024,premier-league
virgil van dijk,Liverpool,24,13,3,85.7,40,23,39,47,34,13,144,0,2023-2024,premier-league
raphaël varane,Manchester Utd,10,7,1,71.4,18,11,15,23,18,5,88,0,2023-2024,premier-league
alejo véliz,Tottenham,1,0,0,,1,0,0,0,0,0,0,0,2023-2024,premier-league
joël veltman,Brighton,32,17,5,67.2,54,41,18,17,7,10,57,1,2023-2024,premier-league
micky van de ven,Tottenham,34,12,3,72.7,49,35,18,25,15,10,78,1,2023-2024,premier-league
bart verbruggen,Brighton,1,0,0,50.0,1,1,0,0,0,0,11,3,2023-2024,premier-league
guglielmo vicario,Tottenham,0,0,0,0.0,0,0,1,0,0,0,31,2,2023-2024,premier-league
fabio vieira,Arsenal,2,0,1,100.0,3,2,2,0,0,0,2,0,2023-2024,premier-league
carlos vinícius,Fulham,0,1,2,0.0,3,2,0,4,0,4,1,0,2023-2024,premier-league
vitinho,Burnley,36,22,6,50.0,64,34,12,44,6,38,47,4,2023-2024,premier-league
odysseas vlachodimos,Nott'ham Forest,0,0,0,0.0,0,0,0,0,0,0,1,0,2023-2024,premier-league
kyle walker,Manchester City,19,17,2,48.7,38,24,27,19,6,13,40,1,2023-2024,premier-league
aaron wan-bissaka,Manchester Utd,18,20,4,73.1,42,25,41,29,15,14,68,1,2023-2024,premier-league
player,Squad,Def 3rd,Mid 3rd,Att 3rd,Tkl%,Tkl,TklW,Int,Blocks,Sh,Pass,Clr,Err,2023-2024,premier-league
joel ward,Crystal Palace,26,18,1,63.8,45,28,14,17,10,7,94,1,2023-2024,premier-league
james ward-prowse,West Ham,14,23,8,40.9,45,29,38,31,9,22,49,0,2023-2024,premier-league
lewis warrington,Everton,0,0,0,,0,0,0,0,0,0,0,0,2023-2024,premier-league
deivid washington,Chelsea,1,0,0,0.0,1,1,0,0,0,0,0,0,2023-2024,premier-league
ollie watkins,Aston Villa,0,5,7,45.5,12,7,4,26,4,22,20,0,2023-2024,premier-league
adam webster,Brighton,8,5,1,33.3,14,12,16,16,12,4,43,1,2023-2024,premier-league
danny welbeck,Brighton,9,17,9,58.8,35,17,9,12,0,12,17,1,2023-2024,premier-league
timo werner,Tottenham,3,4,0,27.8,7,4,3,12,0,12,2,0,2023-2024,premier-league
adam wharton,Crystal Palace,18,22,8,50.0,48,32,20,17,3,14,24,1,2023-2024,premier-league
ethan wheatley,Manchester Utd,0,1,0,100.0,1,1,2,2,0,2,0,0,2023-2024,premier-league
ben white,Arsenal,20,22,6,44.8,48,28,32,48,22,26,77,1,2023-2024,premier-league
joe white,Newcastle Utd,1,0,0,,1,1,0,0,0,0,0,0,2023-2024,premier-league
neco williams,Nott'ham Forest,42,18,9,62.5,69,40,22,44,13,31,53,0,2023-2024,premier-league
willian,Fulham,6,7,5,14.3,18,11,9,13,0,13,12,1,2023-2024,premier-league
joe willock,Newcastle Utd,7,6,0,36.4,13,7,1,7,0,7,1,0,2023-2024,premier-league
callum wilson,Newcastle Utd,0,2,3,0.0,5,3,2,6,0,6,4,0,2023-2024,premier-league
harry wilson,Fulham,9,8,4,39.3,21,14,10,27,3,24,12,0,2023-2024,premier-league
yoane wissa,Brentford,13,10,5,25.0,28,16,9,24,3,21,15,0,2023-2024,premier-league
chris wood,Nott'ham Forest,1,4,2,33.3,7,4,1,11,3,8,26,0,2023-2024,premier-league
cauley woodrow,Luton Town,8,4,4,56.3,16,10,1,7,1,6,14,0,2023-2024,premier-league
joe worrall,Nott'ham Forest,6,1,0,50.0,7,5,3,5,4,1,32,1,2023-2024,premier-league
yehor yarmoliuk,Brentford,6,8,3,41.2,17,11,6,17,4,13,5,0,2023-2024,premier-league
ryan yates,Nott'ham Forest,39,21,6,55.6,66,40,21,42,15,27,44,1,2023-2024,premier-league
ashley young,Everton,28,19,6,55.6,53,38,22,24,6,18,50,3,2023-2024,premier-league
illia zabarnyi,Bournemouth,29,29,1,46.0,59,32,33,53,34,19,143,4,2023-2024,premier-league
player,Squad,Def 3rd,Mid 3rd,Att 3rd,Tkl%,Tkl,TklW,Int,Blocks,Sh,Pass,Clr,Err,2023-2024,premier-league
nicolò zaniolo,Aston Villa,10,7,2,52.9,19,9,1,13,0,13,11,0,2023-2024,premier-league
anass zaroury,Burnley,1,0,0,0.0,1,0,0,2,0,2,1,1,2023-2024,premier-league
oleksandr zinchenko,Arsenal,19,24,7,67.3,50,30,20,18,3,15,26,2,2023-2024,premier-league
kurt zouma,West Ham,14,9,0,62.5,23,17,29,38,28,10,160,0,2023-2024,premier-league
martin ødegaard,Arsenal,18,21,10,29.3,49,17,15,23,1,22,5,0,2023-2024,premier-league
